Date,Close,High,Low,Open,Volume
2016-08-29,24.428199768066406,24.56998549165305,24.30699665914969,24.382463338384497,99881200
2016-08-30,24.240673065185547,24.355015862662835,24.126330267708255,24.194936644087683,99455600
2016-08-31,24.2635440826416,24.371026603861498,24.158348906160995,24.16292359563958,118649600
2016-09-01,24.407617568969727,24.42362549295995,24.15377638517271,24.272692142709676,106806000
2016-09-02,24.636301040649414,24.698045386433105,24.428196302236472,24.629439006911042,107210000
2016-09-06,24.629440307617188,24.766653073907662,24.58599122670915,24.67517847795828,107521600
2016-09-07,24.78037452697754,24.87184912615445,24.485369860616753,24.659171424579597,169457200
2016-09-08,24.130905151367188,24.53110497470245,24.06687345879079,24.52653203011818,212008000
2016-09-09,23.584346771240234,24.176643419452514,23.584346771240234,23.92966253730841,186228000
2016-09-12,24.112613677978516,24.176645375997897,23.447137649135108,23.47458055317181,181171200
2016-09-13,24.686614990234375,24.878711841710718,24.524248389610946,24.585994491587748,248704800
2016-09-14,25.560195922851562,25.84834034830154,24.835262785991265,24.86499303896986,443554800
2016-09-15,26.4291934967041,26.4657840284791,25.953527052024643,26.038141348204885,359934400
2016-09-16,26.280555725097656,26.55726516534714,26.07931297166161,26.326293904105707,319547600
2016-09-19,25.974117279052734,26.56869963689273,25.89865059368618,26.342301325526172,188092000
2016-09-20,25.971826553344727,26.097604345917137,25.729420347368304,25.852910795148613,138057200
2016-09-21,25.96725082397461,26.06787130250994,25.713409665990444,26.03585545778515,144012800
2016-09-22,26.211944580078125,26.285123903628826,26.070158877378088,26.150198489897182,124296000
2016-09-23,25.77515411376953,26.250820586911605,25.50987972145783,26.166206285668267,209924800
2016-09-26,25.81403160095215,25.93066175316282,25.5098810589065,25.53046192679103,119477600
2016-09-27,25.86205291748047,25.882635528145318,25.69053872244807,25.841472051548237,98429600
2016-09-28,26.05872917175293,26.216522828883264,25.939813401197508,25.999272158841745,118564400
2016-09-29,25.65395736694336,26.024428763645872,25.567057444388357,25.878070081062116,143548000
2016-09-30,25.852909088134766,25.92608841405423,25.56705207364735,25.71798367003567,145516400
2016-10-03,25.731704711914062,25.852909553815465,25.67682065266904,25.775155537213298,86807200
2016-10-04,25.84147834777832,26.1410559897787,25.75686402950913,25.855198928409468,118947200
2016-10-05,25.852909088134766,25.992407450783244,25.77058212838377,25.93294870324469,85812400
2016-10-06,26.04500961303711,26.147917461887886,25.87120802334415,26.00155877943059,115117200
2016-10-07,26.083881378173828,26.19822418869675,25.958105333438315,26.14105278343529,97433600
2016-10-10,26.538965225219727,26.69904445123124,26.234812951065138,26.303417585898913,144944000
2016-10-11,26.59614372253418,27.142702326110225,26.573273760088448,26.916302259976334,256164000
2016-10-12,26.833972930908203,26.9803333498666,26.69904923690448,26.83626027589914,150347200
2016-10-13,26.75164794921875,26.856843138239455,26.46350354336801,26.708197117656685,140769600
2016-10-14,26.900287628173828,27.023778066721302,26.785944823377953,26.957459030571766,142608800
2016-10-17,26.881999969482422,26.948317275365774,26.70591103463414,26.831688845240055,94499600
2016-10-18,26.86370277404785,27.032929661416194,26.859128084135385,27.02606937128049,98214000
2016-10-19,26.783660888671875,26.930019548331323,26.024424687413664,26.813389391663282,80138400
2016-10-20,26.769948959350586,26.843128317595184,26.603009366198936,26.724212514722783,96503200
2016-10-21,26.664745330810547,26.73563906577721,26.591565995646846,26.71276910594301,92770800
2016-10-24,26.904869079589844,26.925449952154107,26.756223047048493,26.779091264808738,94154800
2016-10-25,27.042078018188477,27.06723357917939,26.82711294962361,26.97347162553453,192516000
2016-10-26,26.43376922607422,26.458924783136965,25.91236630646959,26.141051919961637,264536800
2016-10-27,26.1799259185791,26.49551139030277,26.093024281707976,26.388028888740596,138248000
2016-10-28,26.006132125854492,26.346873252274538,25.944386023948137,26.040435321943242,151446800
2016-10-31,25.96497344970703,26.122767134107963,25.88721940785246,25.99012901518351,105677600
2016-11-01,25.49616241455078,26.01756541298802,25.276624401773685,25.94667342040158,175303200
2016-11-02,25.519033432006836,25.692835032144323,25.436708194818788,25.47558434052238,113326800
2016-11-03,25.245492935180664,25.620163639537257,25.18113249553074,25.50983195833466,107730400
2016-11-04,25.01793670654297,25.34203982636608,24.85014005529243,24.94668073850706,123348000
2016-11-07,25.37881851196289,25.401804138645407,25.160450674251727,25.302964365588775,130240000
2016-11-08,25.52822494506836,25.67993323177175,25.215615524307584,25.355830121282235,97016800
2016-11-09,25.48685646057129,25.58799534354575,24.83635449638822,25.256996638313893,236705600
2016-11-10,24.776580810546875,25.535116876621263,24.3260559446728,25.535116876621263,228538000
2016-11-11,24.923696517944336,25.02483538436414,24.49156075416235,24.622580761255733,136575600
2016-11-14,24.29847526550293,24.781180415658593,23.923804484233084,24.758194790163717,204702000
2016-11-15,24.620271682739258,24.7512916366715,24.40190567741561,24.496147238957615,129058000
2016-11-16,25.28227424621582,25.337441850694617,24.50304980828329,24.526035433304067,235362000
2016-11-17,25.27308464050293,25.3650289124489,25.015642783483557,25.240904408375506,110528000
2016-11-18,25.29836654663086,25.408700011438132,25.206424038597554,25.220215064064362,113715600
2016-11-21,25.68222999572754,25.741992266573043,25.286870955041636,25.312155667203456,117058400
2016-11-22,25.698322296142578,25.84083422734658,25.60637803987788,25.73279985776237,103862000
2016-11-23,25.567304611206055,25.631665070299782,25.360430454339802,25.597185751873575,109705600
2016-11-25,25.696025848388672,25.714415052269732,25.502942715019536,25.544317546906424,45903600
2016-11-28,25.645456314086914,25.852330472710847,25.604081482362126,25.613276084266637,108776000
2016-11-29,25.62017250061035,25.751192513409958,25.300667526350065,25.46386777010459,114115200
2016-11-30,25.404102325439453,25.79026682920152,25.346637379961116,25.652351310791705,144649200
2016-12-01,25.16734504699707,25.500642756715852,25.06160976609378,25.36962276149973,148347600
2016-12-02,25.2615909576416,25.305263124688693,25.02023747966612,25.093792541403914,106112000
2016-12-05,25.079998016357422,25.291468570139198,24.88231848669901,25.284573058077516,137298000
2016-12-06,25.27308464050293,25.367328001512607,25.09839245286582,25.169648430620665,104782000
2016-12-07,25.521324157714844,25.55810255429244,25.091487608279657,25.114473229295417,119994800
2016-12-08,25.771879196166992,25.84313516687226,25.422491348076566,25.482255381982473,108273200
2016-12-09,26.192514419555664,26.364909209733586,25.815544618661853,25.815544618661853,137610400
2016-12-12,26.043106079101562,26.433866888145808,25.856918519814695,26.040806990947534,105497600
2016-12-13,26.477542877197266,26.645339498140288,26.14654430459981,26.16723083854187,174935200
2016-12-14,26.477542877197266,26.70969994199189,26.429272544308564,26.4430635669366,136127200
2016-12-15,26.622356414794922,26.83152963095171,26.486740002844183,26.521217562702347,186098000
2016-12-16,26.656837463378906,26.77866285931573,26.58328240807606,26.771767346895285,177404400
2016-12-19,26.81083869934082,26.980934408078816,26.6062636804516,26.617757368398863,111117600
2016-12-20,26.882097244262695,27.008520809100734,26.820035882963577,26.83382690687655,85700000
2016-12-21,26.907384872436523,26.985538108355716,26.843024415615375,26.8476225932117,95132800
2016-12-22,26.730390548706055,26.780959974316932,26.58098136040775,26.74418157253058,104343600
2016-12-23,26.783254623413086,26.783254623413086,26.56948500711558,26.56948500711558,56998000
2016-12-27,26.953353881835938,27.077478353160902,26.776360898141007,26.78325640982173,73187600
2016-12-28,26.83841896057129,27.128040918808548,26.70969633655329,27.01311106924732,83623600
2016-12-29,26.83152198791504,26.918868037492842,26.75566787045287,26.767159802568507,60158000
2016-12-30,26.622356414794922,26.939562241325184,26.532711251782224,26.813140429900198,122345200
2017-01-03,26.698213577270508,26.739588407476482,26.37870862600418,26.617763005673037,115127600
2017-01-04,26.66832733154297,26.780959871312433,26.606265970880596,26.629251595063298,84472400
2017-01-05,26.803951263427734,26.861416213095715,26.620062723013763,26.64534744116296,88774400
2017-01-06,27.102764129638672,27.160229067489293,26.771765526438056,26.843021488191795,127007600
2017-01-09,27.351015090942383,27.45215395665387,27.109663370982208,27.111960706154942,134247600
2017-01-10,27.378599166870117,27.440660537275928,27.19241330196169,27.300445927950253,97848400
2017-01-11,27.525707244873047,27.567082073301073,27.261368160676803,27.29354838793295,110354400
2017-01-12,27.410778045654297,27.422271735829046,27.17172367028493,27.330327475503765,108344800
2017-01-13,27.362510681152344,27.49582978544724,27.30964215576261,27.378600796933377,104447600
2017-01-17,27.583173751831055,27.63833960830125,27.17402362176945,27.201605673159065,137759200
2017-01-18,27.580867767333984,27.698096717503653,27.516507325261387,27.583166855605295,94852000
2017-01-19,27.53260040283203,27.603856363706946,27.4383588178385,27.445254329705012,102389200
2017-01-20,27.583173751831055,27.68660995192404,27.521112382513458,27.68660995192404,130391600
2017-01-23,27.601564407348633,27.769361074433192,27.530306678897652,27.58317520299412,88200800
2017-01-24,27.576274871826172,27.606156008413322,27.468240507232313,27.47973419636854,92844000
2017-01-25,28.01529884338379,28.065868256600073,27.64752368411578,27.679703900946087,129510400
2017-01-26,28.02910041809082,28.144030301053384,27.95094718575704,27.967037299224167,105350400
2017-01-27,28.031396865844727,28.12334112004273,27.950946301055517,28.075070781169206,82251600
2017-01-30,27.95783805847168,27.95783805847168,27.734875595625788,27.796936950502364,121510000
2017-01-31,27.893484115600586,27.90267871729734,27.72568745728493,27.847512860807765,196804000
2017-02-01,29.594440460205078,29.99439765607206,29.19448501802868,29.19908144103942,447940000
2017-02-02,29.54387664794922,29.741556195064256,29.371481816420356,29.417454823709267,134841600
2017-02-03,29.67029571533203,29.695580427074365,29.458825175024025,29.49330273313571,98029200
2017-02-06,29.94842529296875,29.996697383730634,29.628920380671016,29.68179064850104,107383600
2017-02-07,30.233449935913086,30.362170823232386,29.98520100720538,30.00588754108574,152735200
2017-02-08,30.350677490234375,30.392054065860123,30.162194333707124,30.192077221248987,92016400
2017-02-09,30.569995880126953,30.576921288465538,30.269881935965092,30.39223551339761,113399600
2017-02-10,30.50074005126953,30.690043950455642,30.484581938400783,30.579233887993837,80262000
2017-02-13,30.770841598510742,30.893198705813756,30.646180718408644,30.722363737255407,92141600
2017-02-14,31.170228958129883,31.186387072747426,30.761612185180123,30.812400869844556,132904800
2017-02-15,31.28333854675293,31.45879160380169,31.077876563567838,31.285649364401177,142492400
2017-02-16,31.246410369873047,31.373378552381876,31.12867136942429,31.3202825748279,90338400
2017-02-17,31.331819534301758,31.357213870001722,31.18868974540441,31.18868974540441,88792800
2017-02-21,31.558069229125977,31.56961275366342,31.391852339036305,31.449566439134408,98028800
2017-02-22,31.652713775634766,31.655021070965507,31.421857429381895,31.4957296284369,83347600
2017-02-23,31.518802642822266,31.73811536962696,31.465706693142266,31.715031858829306,83152800
2017-02-24,31.548830032348633,31.548830032348633,31.23024713812225,31.375687767675753,87106400
2017-02-27,31.61115264892578,31.728891620779727,31.46109745735582,31.65963402367524,81029600
2017-02-28,31.625019073486328,31.728903747553883,31.558068745748105,31.645795303782027,93931600
2017-03-01,32.27141189575195,32.35452033367567,31.765839381187224,31.8327861816255,145658400
2017-03-02,32.07979965209961,32.38452819956247,32.03362556445187,32.31988870396161,104844000
2017-03-03,32.26910400390625,32.28064752724133,31.99438435243972,32.038247627559755,84432400
2017-03-06,32.16752624511719,32.26679631749007,31.99669478314653,32.17445165451661,87000000
2017-03-07,32.20907211303711,32.315264038884955,32.040544476985474,32.102876664601666,69785200
2017-03-08,32.08903121948242,32.27371699576687,32.047478769177225,32.07748769797936,74828800
2017-03-09,32.015159606933594,32.040553948462716,31.638866120296644,32.02901394806746,88623600
2017-03-10,32.1213493347168,32.1721380086802,32.00592117072506,32.1467436716985,78451200
2017-03-13,32.13520050048828,32.18829647017765,32.04747749025978,32.054402898367606,69686800
2017-03-14,32.08671951293945,32.23908199903327,32.052088953191266,32.15828440479625,61236400
2017-03-15,32.42607116699219,32.49301793108603,32.09594489019227,32.18367139442763,102767200
2017-03-16,32.47917556762695,32.55535857439694,32.379905520288666,32.486100975279875,76928000
2017-03-17,32.31758499145508,32.55074866053692,32.2944979450717,32.55074866053692,175540000
2017-03-20,32.65694046020508,32.66617316416422,32.37298461657809,32.412229772933976,86168000
2017-03-21,32.28295135498047,32.96628770549994,32.25755701540671,32.806996259318026,158119600
2017-03-22,32.6476936340332,32.68924959482827,32.2644713762647,32.285251117955816,103440800
2017-03-23,32.53226852416992,32.684634523614065,32.46070363665184,32.61075881870024,81385200
2017-03-24,32.467620849609375,32.72156411792704,32.40067409119105,32.66615735322502,89582400
2017-03-27,32.52305603027344,32.601546373573065,32.001318227257826,32.1790786703926,94300400
2017-03-28,33.197147369384766,33.25255064482762,32.463022266468414,32.52997258774683,133499200
2017-03-29,33.27101516723633,33.35643440986911,33.056320458176856,33.1694378122708,116760000
2017-03-30,33.2271614074707,33.35875125204132,33.1278948419926,33.2871863285405,84829200
2017-03-31,33.164817810058594,33.305640297811806,33.01475909740384,33.178668624823224,78646800
2017-04-03,33.17405700683594,33.27101625175768,33.02400178739265,33.17636782480755,79942800
2017-04-04,33.42107391357422,33.44877554763126,33.05170235406852,33.07017128430263,79565600
2017-04-05,33.24791717529297,33.58035072954783,33.19943581421967,33.29408771947576,110871600
2017-04-06,33.164817810058594,33.36335437438955,33.1163364357947,33.310254887674894,84596000
2017-04-07,33.090946197509766,33.284864673395035,33.07478808581338,33.18098002721279,66688800
2017-04-10,33.05170440673828,33.21561397112792,32.98937220365056,33.15097447258824,75733600
2017-04-11,32.69618225097656,33.09325540952474,32.33373613194622,32.99860347139208,121517600
2017-04-12,32.73542022705078,32.81621780907595,32.55304179866994,32.689249676952514,81400000
2017-04-13,32.56229782104492,32.86933727363853,32.56229782104492,32.760834477511864,71291600
2017-04-17,32.74235534667969,32.75389886827551,32.52073170883979,32.66155421809713,66328400
2017-04-18,32.596927642822266,32.79084620116681,32.57615140926884,32.64540904370321,58790000
2017-04-19,32.47686767578125,32.78159973031379,32.423771704796266,32.75389809720652,69313600
2017-04-20,32.88317108154297,32.993981116340386,32.58767530702486,32.601526121051094,93278400
2017-04-21,32.843929290771484,32.93857770381926,32.74697006009152,32.88317444205234,69283600
2017-04-24,33.16020202636719,33.23176692273539,33.054006568067706,33.12788228211742,68537200
2017-04-25,33.36566162109375,33.4510773270773,33.21329561372768,33.22253183861588,75486000
2017-04-26,33.16944122314453,33.381832181324775,33.10018713089948,33.35181972629284,80164800
2017-04-27,33.19483947753906,33.28025873902497,33.084029394295946,33.2248519361089,56985200
2017-04-28,33.162513732910156,33.31257247606476,33.07479071404166,33.264091091946895,83441600
2017-05-01,33.83892059326172,33.98205038775373,33.4649344734146,33.497254218060796,134411600
2017-05-02,34.05363082885742,34.187527981391604,33.89895744297904,34.06055623997216,181408800
2017-05-03,33.94972229003906,34.04899231726287,33.3056348507098,33.6103632934567,182788000
2017-05-04,33.8273811340332,33.968203650311494,33.66116427801331,33.82507383863429,93487600
2017-05-05,34.38835906982422,34.39297365997338,33.88047234638502,33.88047234638502,109310800
2017-05-08,35.32333755493164,35.48262903932177,34.404530041708924,34.404530041708924,195009600
2017-05-09,35.54957962036133,35.75504168306503,35.424915187095706,35.521874455974945,156521600
2017-05-10,35.381038665771484,35.53802279658451,35.1155553043252,35.46645790032966,103222800
2017-05-11,35.68703842163086,35.71485794084728,35.30687133887663,35.339324497021664,109020400
2017-05-12,36.185428619384766,36.259605746800744,35.853939522534674,35.86089351769465,130108000
2017-05-15,36.09270477294922,36.31292288508898,35.942030153361216,36.16456508497208,104038800
2017-05-16,36.03937911987305,36.17614570849867,35.8655222077506,36.14832973444002,80194000
2017-05-17,34.82933807373047,35.8307556815588,34.70416264131606,35.60590043731387,203070800
2017-05-18,35.36017608642578,35.54562416578141,35.03332778161628,35.06578093021892,134272800
2017-05-19,35.48072052001953,35.693984589220776,35.38104424797981,35.554901172156406,107843200
2017-05-22,35.6963005065918,35.8330670876935,35.44594614245283,35.698617325259924,91865600
2017-05-23,35.652259826660156,35.907247854130745,35.5386720320429,35.907247854130745,79675600
2017-05-24,35.54561996459961,35.73802201469214,35.39030823342003,35.66152455835698,76712000
2017-05-25,35.66847610473633,35.77974705384383,35.47375724948908,35.63602296219512,76942400
2017-05-26,35.608211517333984,35.75425244588684,35.538668049588445,35.69861696426487,87710400
2017-05-30,35.62213134765625,35.79830512567792,35.54331704199883,35.5641790281207,80507600
2017-05-31,35.41117858886719,35.73803046949931,35.323093482019345,35.69166932845386,97804800
2017-06-01,35.508541107177734,35.54331461880568,35.28600619612489,35.50622428792066,65616400
2017-06-02,36.03474426269531,36.03474426269531,35.44131319709185,35.60126213247194,111082800
2017-06-05,35.68239212036133,35.80293390712862,35.57344503933726,35.77743475102646,101326800
2017-06-06,35.80293273925781,36.11819341481537,35.647620988839236,35.67543696290587,106499600
2017-06-07,36.01620864868164,36.1576124586108,35.80989851981409,35.9350775185732,84278400
2017-06-08,35.92811584472656,36.055608098669595,35.79134570314363,35.98838497453833,85003200
2017-06-09,34.534934997558594,35.974471743082624,33.84878171909158,35.974471743082624,259530800
2017-06-12,33.709693908691406,33.8650056503976,33.035128278392655,33.78387455154509,289229200
2017-06-13,33.98091506958008,34.18027115410295,33.647109203669395,34.11304803197316,136661600
2017-06-14,33.6494255065918,34.19185820479447,33.34343565398856,34.19185820479447,126124800
2017-06-15,33.447750091552734,33.49179440836366,32.965590036801295,33.22289840705595,128661600
2017-06-16,32.979488372802734,33.49642178082408,32.96326003467278,33.329518911817985,201444400
2017-06-19,33.922969818115234,34.015695654119625,33.30172263396618,33.30172263396618,130165600
2017-06-20,33.61465835571289,34.04582370587389,33.59843354738136,34.04582370587389,99600400
2017-06-21,33.81400680541992,33.86037147503061,33.52192848736202,33.732875707856564,85063200
2017-06-22,33.758384704589844,34.006418781116174,33.64015971458918,33.79083786050344,76425200
2017-06-23,33.90904998779297,34.11304321865027,33.637833644291,33.64247081875442,141757600
2017-06-26,33.80242919921875,34.37267801840908,33.70043255523252,34.115369589126985,102769600
2017-06-27,33.317935943603516,33.88123414935827,33.292436789645436,33.61465144213694,99047600
2017-06-28,33.804744720458984,33.86965103011628,33.1858144223585,33.494121161794965,88329600
2017-06-29,33.30634689331055,33.642473090615525,32.98181540151095,33.545113643075645,125997600
2017-06-30,33.385169982910156,33.603071249121264,33.32953448819821,33.484846264999454,92096400
2017-07-03,33.26461410522461,33.68187129619987,33.171891857064345,33.58451187449349,57111200
2017-07-05,33.401397705078125,33.56366349073163,33.08382012907563,33.30867540959865,86278400
2017-07-06,33.08613204956055,33.264626155915046,33.01195493158579,33.153358710388744,96515200
2017-07-07,33.4222526550293,33.55438561225656,33.125537127404115,33.125537127404115,76806800
2017-07-10,33.626243591308594,33.83255364767231,33.23448545866642,33.406025548221365,84362400
2017-07-11,33.73518753051758,33.80936816120686,33.468608405373175,33.54973949092153,79127200
2017-07-12,33.78387451171875,33.885867589830724,33.57061046945743,33.814007302855764,99538000
2017-07-13,34.25444793701172,34.42135085110845,33.714332053494225,33.72824004014765,100797600
2017-07-14,34.54885482788086,34.61608150238906,34.152462925037774,34.30082072830502,80528400
2017-07-17,34.66938018798828,34.98000363842423,34.439891364919156,34.497843659573356,95174000
2017-07-18,34.78992462158203,34.80151578882803,34.46307280573411,34.58593139686089,71475200
2017-07-19,35.00782775878906,35.10055002760471,34.759790207159064,34.882648805047324,83692000
2017-07-20,34.85020065307617,35.17473571470918,34.81543068156793,35.11910022316766,68974800
2017-07-21,34.833980560302734,34.87338771238873,34.511765811243066,34.769074246616526,105010400
2017-07-24,35.25586700439453,35.33700165449248,34.74820419505378,34.905836319982505,85972800
2017-07-25,35.406532287597656,35.661520240715255,35.188631111775315,35.188631111775315,75415600
2017-07-26,35.57344436645508,35.68239144541838,35.480718556415695,35.547945210835245,63124000
2017-07-27,34.90119552612305,35.696302988408995,34.14549874382941,35.640667502356315,129905200
2017-07-28,34.65547561645508,34.824695343116254,34.583615329946674,34.74588106353463,68854800
2017-07-31,34.47698974609375,34.84788597153069,34.337906314401316,34.74820615187898,79383600
2017-08-01,34.7829704284668,34.82237756717428,34.40280349002849,34.56275240057083,141474400
2017-08-02,36.4265022277832,37.031524459021355,36.19933017298446,36.9225738380496,279747200
2017-08-03,36.062557220458984,36.442724148827494,35.93506145911916,36.40563382968727,108389200
2017-08-04,36.252647399902344,36.48677346215096,36.090381637099924,36.178470281390524,82239600
2017-08-07,36.81362533569336,36.8391244939229,36.31755369687816,36.40795916021411,87481200
2017-08-08,37.10801696777344,37.51368306566703,36.68844288389249,36.7649403439506,144823600
2017-08-09,37.3351936340332,37.383875128169116,36.88316634760592,36.91793631689721,104526000
2017-08-10,36.14600372314453,37.23512955823391,35.98542665876166,37.211856181852546,163217200
2017-08-11,36.64866638183594,36.90233333918181,36.32053458098837,36.44387563364396,105028400
2017-08-14,37.200218200683594,37.28399737332113,36.94422529789718,37.0768771341642,88490800
2017-08-15,37.60748291015625,37.74711251774953,37.26771078474369,37.38872595213952,117862000
2017-08-16,37.45620346069336,37.81924531879083,37.27002714727937,37.686597048032674,110686400
2017-08-17,36.737098693847656,37.40035065823449,36.732443309780415,37.356133387139685,111762400
2017-08-18,36.6533317565918,37.11877089000883,36.47181077864065,36.73711094264762,109712400
2017-08-21,36.585838317871094,36.74408589137797,36.09712589188919,36.653325418097694,105474000
2017-08-22,37.18393325805664,37.235131848429745,36.77434808609071,36.8232172080712,86418400
2017-08-23,37.23046112060547,37.34449494326663,36.97447182524781,37.018689094259635,77596400
2017-08-24,37.06524658203125,37.40734463100248,36.89768820902417,37.33519858208151,79275600
2017-08-25,37.20254135131836,37.365444299606544,37.06523769140532,37.153668691322935,101920400
2017-08-28,37.577213287353516,37.70055432297074,37.218823313244464,37.26769596462927,103864000
2017-08-29,37.912353515625,37.9612226464409,37.23513858044841,37.258411962469,118067600
2017-08-30,38.014732360839844,38.1403993304265,37.84251864968543,38.11945542733169,109078400
2017-08-31,38.166011810302734,38.28702698837684,38.04499663222864,38.08223261794667,107140400
2017-09-01,38.17762756347656,38.384747737799266,38.079885817831624,38.35216715591762,66364400
2017-09-05,37.71918487548828,38.224185869992446,37.365450167215954,38.107826095654566,117874000
2017-09-06,37.67962646484375,37.930964026792125,37.356146404293476,37.865802831215014,86606800
2017-09-07,37.5283317565918,37.75639934106928,37.318885702538125,37.72148929804935,87714000
2017-09-08,36.916290283203125,37.50274078484636,36.89301691603528,37.43525370168723,114446000
2017-09-11,37.584197998046875,37.712194428986784,37.20951947348694,37.35147850579891,126323200
2017-09-12,37.43525314331055,38.156684902545834,36.94887031550586,37.84251220555239,286856000
2017-09-13,37.153663635253906,37.225809657051606,36.748734011902265,37.204862205036804,179629600
2017-09-14,36.834842681884766,37.09548738913932,36.79062540811455,37.00007509160223,95042800
2017-09-15,37.207191467285156,37.46085484734486,36.76967771010516,36.87905614940016,196458400
2017-09-18,36.92560577392578,37.35148292120562,36.769684121809895,37.26072245054061,113077600
2017-09-19,36.93958282470703,37.18161320848836,36.872095700029604,37.1211038370333,83242400
2017-09-20,36.3205451965332,36.830198074813886,35.79925207846514,36.746418887106856,211805600
2017-09-21,35.69684600830078,36.25770088768065,35.547905661807576,36.25770088768065,150046800
2017-09-22,35.3477668762207,35.43620142795852,35.0382494961563,35.26631362582871,186581600
2017-09-25,35.03592300415039,35.33380369340839,34.712443026705316,34.905600646477254,177549200
2017-09-26,35.6386604309082,35.820181338200065,35.30121790073832,35.32216180134491,146640000
2017-09-27,35.892333984375,36.006367838372455,35.73175693216047,35.792266285759226,102016800
2017-09-28,35.67124557495117,35.90396508081647,35.53626783542716,35.81320461556972,88022000
2017-09-29,35.866729736328125,35.869059204079036,35.373365511571414,35.654957681052196,105199200
2017-10-02,35.79458236694336,35.94352269092222,35.54091898799798,35.89930542190987,74795200
2017-10-03,35.95050811767578,36.09246715768579,35.81785984643047,35.84112966630654,64921200
2017-10-04,35.71779251098633,35.80622706881335,35.480421146847824,35.752702571137206,80655200
2017-10-05,36.16227340698242,36.173910089110954,35.85043021163208,35.880681323946064,85135200
2017-10-06,36.14133834838867,36.185555620680645,35.969124643414084,36.0645404887791,69630400
2017-10-09,36.26700973510742,36.47412996923933,36.185560032391976,36.260028433475185,65051600
2017-10-10,36.28098678588867,36.769699400864944,36.09481393353536,36.31822277676715,62468000
2017-10-11,36.43224334716797,36.532311041171035,36.24606701186326,36.29726559284751,67622400
2017-10-12,36.30424880981445,36.6230734482927,36.241413538743075,36.38570207050026,64500400
2017-10-13,36.534645080566406,36.602132190661905,36.39966730935674,36.4741357221856,65576800
2017-10-16,37.207191467285156,37.23511666846092,36.68822447198592,36.74640434178039,96486000
2017-10-17,37.34450149536133,37.437587882547504,37.05592801345531,37.183924459099835,75989200
2017-10-18,37.17927932739258,37.400365772210506,37.14204689286132,37.33287510452323,65496800
2017-10-19,36.29957962036133,36.55557244143562,36.07617093198474,36.47877459511333,170336800
2017-10-20,36.362430572509766,36.71150990600586,36.29494346381537,36.446209754589574,95896400
2017-10-23,36.34379959106445,36.69753418351876,36.187877970624996,36.51135789533137,87937200
2017-10-24,36.56025314331055,36.634721574000814,36.35080335801638,36.37174727123993,71028800
2017-10-25,36.399658203125,36.66495829367814,36.13435811257186,36.51601795426265,84828400
2017-10-26,36.632381439208984,36.73012321400495,36.485767001505955,36.590490078000336,68002000
2017-10-27,37.944915771484375,38.07291220866558,36.9325845104359,37.069888165313095,177816800
2017-10-30,38.79899978637695,39.11317256791725,38.10084120608133,38.140403099509236,178803200
2017-10-31,39.33890151977539,39.48086055249378,38.850192715266076,39.073601439893864,144187200
2017-11-01,38.83855438232422,39.54834951579642,38.540673728115806,39.53205744749529,134551200
2017-11-02,39.122493743896484,39.213254249673945,38.46389682206746,38.77108841148005,165573600
2017-11-03,40.14412307739258,40.553708214192326,39.82296895644749,40.49320240850034,237594400
2017-11-06,40.5513801574707,40.72359389676432,39.9626000008153,40.11386628257354,140105200
2017-11-07,40.68170166015625,40.784098824511965,40.40011300919636,40.47225549744198,97446000
2017-11-08,41.01449966430664,41.01449966430664,40.57000441852405,40.64680230530996,97638000
2017-11-09,40.93070602416992,40.981904597285485,40.293053327832816,40.751511018265454,117930400
2017-11-10,40.795249938964844,40.96107636396165,40.70182890986884,40.89801520924075,100582000
2017-11-13,40.63176345825195,40.75554793191091,40.498634742929674,40.521991783303974,67928400
2017-11-14,40.017513275146484,40.51732333592868,39.98014343267312,40.414558051019085,99130000
2017-11-15,39.48966979980469,39.77928067598578,39.32618122606682,39.69753460722504,116632400
2017-11-16,39.96145248413086,40.14128812577622,39.7746068803929,39.98013383709953,94550000
2017-11-17,39.739585876464844,40.029196846494386,39.62047349781109,39.947450751243814,87598000
2017-11-20,39.699867248535156,39.83533022227053,39.60177410833716,39.77226907364915,65049600
2017-11-21,40.43790817260742,40.568699035095165,39.886715563706446,39.886715563706446,100525200
2017-11-22,40.86297607421875,40.87231674998271,40.41688307609669,40.489284895562776,102355600
2017-11-24,40.86532974243164,40.9891142467921,40.79059004572388,40.89569318969228,56106800
2017-11-27,40.6597900390625,40.891011914737895,40.48462292337074,40.88400551521295,82867200
2017-11-28,40.421566009521484,40.84196424324617,40.13896149003983,40.708839086242456,105715200
2017-11-29,39.58308410644531,40.38651760536671,39.04123584489696,40.3187879090918,166665600
2017-11-30,40.13662338256836,40.20435309391894,39.34019610378886,39.80497053343879,166108800
2017-12-01,39.94977569580078,40.094579352171586,39.35420686724889,39.692862534061966,159037200
2017-12-04,39.6578369140625,40.3164634359694,39.61813279428302,40.28376571592841,130169600
2017-12-05,39.62046432495117,40.05955101829121,39.33085342197184,39.485001333095546,109400800
2017-12-06,39.47333526611328,39.751267736759104,38.87776975905517,39.12066665860135,114240000
2017-12-07,39.545745849609375,39.80732770846372,39.44998693206964,39.478012541579595,102693200
2017-12-08,39.557403564453125,39.93810122531584,39.42895053434626,39.81898887304468,93420800
2017-12-11,40.3281364440918,40.379519077673,39.42193752142367,39.517696389805344,141095200
2017-12-12,40.10158920288086,40.26274351240947,40.045538009155386,40.20668875490006,77636800
2017-12-13,40.23472595214844,40.53133974828274,40.17166478282732,40.28844287812623,95273600
2017-12-14,40.2230339050293,40.43557082231696,40.08990521053588,40.26507229458504,81906000
2017-12-15,40.63176345825195,40.67847397521654,40.279094956817715,40.55235522303376,160677200
2017-12-18,41.20396423339844,41.38613769523844,40.83961730971844,40.84428942929417,117684400
2017-12-19,40.76488494873047,40.963409082730685,40.659785404053046,40.87932873423201,109745600
2017-12-20,40.72052001953125,40.970423270439085,40.4636068047808,40.84196666306386,93902400
2017-12-21,40.87466049194336,41.11055448405394,40.6621271041095,40.67847418142717,83799600
2017-12-22,40.87466049194336,40.970419368665794,40.755548138512246,40.79758653485828,65397600
2017-12-26,39.837669372558594,40.04786845648848,39.629801003099054,39.89138628266804,132742000
2017-12-27,39.84467697143555,39.8867153639745,39.636812159497616,39.72789890711573,85992800
2017-12-28,39.956783294677734,40.136622513297105,39.81664819065001,39.93809837655512,65920800
2017-12-29,39.524696350097656,39.84233277695567,39.52236207214556,39.82598570372476,103999600
2018-01-02,40.232383728027344,40.24172797035305,39.53171523253815,39.74191791945546,102223600
2018-01-03,40.22536849975586,40.767220394628254,40.162310914925996,40.29543604668363,118071600
2018-01-04,40.412208557128906,40.51497380334749,40.19033099212951,40.29776479406131,89738400
2018-01-05,40.872318267822266,40.958732886034994,40.4168845770232,40.50797131518301,94640000
2018-01-08,40.72052001953125,41.01479951333092,40.622423291146994,40.72052001953125,82271200
2018-01-09,40.71583938598633,40.886334358066584,40.500968180291736,40.767222018194126,86336000
2018-01-10,40.70649337768555,40.708831219637595,40.405207559899,40.442577393297114,95839600
2018-01-11,40.937705993652344,40.986754334414904,40.75319827394734,40.7765517417245,74670800
2018-01-12,41.36044692993164,41.42350807179687,41.024125591694585,41.14791003371474,101672400
2018-01-16,41.15026092529297,41.89763993406561,41.13858240438722,41.54963996826612,118263600
2018-01-17,41.82990646362305,41.86493845941443,40.88867549633279,41.14091299359858,137547200
2018-01-18,41.86728286743164,42.0634727826822,41.63139238986812,41.8929741918225,124773600
2018-01-19,41.68042755126953,41.942009270329734,41.43519290775877,41.71545954443522,129700400
2018-01-22,41.33943557739258,41.52160907619025,41.246014549623844,41.40950313011101,108434400
2018-01-23,41.348777770996094,41.90931464951579,41.297398698487754,41.40950464867814,130756400
2018-01-24,40.69014358520508,41.40949679304685,40.45191536793294,41.39781827541702,204420400
2018-01-25,39.963783264160156,40.8606378070579,39.82832030240219,40.75787255580819,166116000
2018-01-26,40.057212829589844,40.171656622698116,39.71855713477156,40.171656622698116,156572000
2018-01-29,39.22808837890625,39.74191114188095,39.0202235699117,39.74191114188095,202561600
2018-01-30,38.99686050415039,39.0902815143299,38.46668718373474,38.66053916545118,184192800
2018-01-31,39.10430908203125,39.34020310209103,38.8871035476071,38.97351819285742,129915600
2018-02-01,39.1860466003418,39.38223289119997,38.94781835356621,39.043577220693535,188923200
2018-02-02,37.48575973510742,38.95716410101793,37.392338706452456,38.770318479924185,346375200
2018-02-05,36.54920196533203,38.27518171314244,36.43475817272473,37.158783638850124,290954000
2018-02-06,38.07664489746094,38.2377991521167,35.967633920841486,36.161485881964886,272975200
2018-02-07,37.26154327392578,38.163070074933216,37.151775171913954,38.09066824510716,206434400
2018-02-08,36.23624038696289,37.602545483781824,36.208214785398454,37.436719025694984,217562000
2018-02-09,36.6794548034668,37.02652618717998,35.23253859813122,36.8342311855885,282690400
2018-02-12,38.15685272216797,38.43357083958652,36.937406518800216,37.169571058398745,243278000
2018-02-13,38.53909683227539,38.63524610322422,37.90826887268811,37.97862208504854,130196800
2018-02-14,39.249671936035156,39.28953793684467,38.196731451859186,38.234250078417645,162579600
2018-02-15,40.56761932373047,40.59106802247559,39.63192929074374,39.81718939758503,204588800
2018-02-16,40.436279296875,40.99675777482494,40.28150648157054,40.41986557057159,160704400
2018-02-20,40.300270080566406,40.865432606579574,40.19942960756967,40.3471710450307,135722000
2018-02-21,40.11735153198242,40.832599250578035,40.10327802296101,40.53008500542689,149886400
2018-02-22,40.45269775390625,40.792734207769016,40.2674376980712,40.28854259462568,123967600
2018-02-23,41.156227111816406,41.191401942979354,40.69658904083861,40.72707628005614,135249600
2018-02-26,41.969947814941406,42.06844086468591,41.32270624020072,41.35553725678223,152648800
2018-02-27,41.83395004272461,42.32407170138227,41.78001411689453,42.00045256808782,155712400
2018-02-28,41.770626068115234,42.35689694186854,41.75421234437313,42.03796544341421,151128400
2018-03-01,41.038963317871094,42.15991300108843,40.490214610015975,41.869121344243176,195208000
2018-03-02,41.32272720336914,41.34383210081118,40.44097331932767,40.52305269157681,153816000
2018-03-05,41.46577835083008,41.68152565643168,40.92640829766891,41.08821967144869,113605600
2018-03-06,41.430599212646484,41.801122919535736,41.303966249227905,41.721390921149435,95154000
2018-03-07,41.04600143432617,41.23830002337251,40.86777635385295,41.02489653893735,126814000
2018-03-08,41.49390411376953,41.5361138952039,41.055374685629104,41.1515203805562,95096400
2018-03-09,42.206809997558594,42.21150116628257,41.599434256238936,41.73310572752255,128740800
2018-03-12,42.61485290527344,42.771973052888505,42.26074662437796,42.27950414137444,128828400
2018-03-13,42.2044792175293,43.03229362608752,42.033289078601506,42.81889011225261,126774000
2018-03-14,41.845680236816406,42.33345814716971,41.69793879704333,42.286557181971446,117473600
2018-03-15,41.89491271972656,42.26778369281401,41.758901034006826,41.85973790071512,90975200
2018-03-16,41.74718475341797,42.005141836440984,41.653379250061725,41.894922606443686,157618800
2018-03-19,41.10932159423828,41.61820437252176,40.72472797672701,41.58302954525192,133787200
2018-03-20,41.09524917602539,41.46108167074591,41.02489594742979,41.09524917602539,78597600
2018-03-21,40.164249420166016,41.06006953035237,40.16190204635174,41.04834339622222,148219600
2018-03-22,39.59674072265625,40.49490465390469,39.53811362865073,39.86642392375612,165963200
2018-03-23,38.679813385009766,39.84766413405887,38.679813385009766,39.48886659321659,164115200
2018-03-26,40.51601791381836,40.593406116445934,39.0315792888296,39.413829131964945,150164800
2018-03-27,39.477134704589844,41.07413599250078,39.14413327762529,40.729408432396,163690400
2018-03-28,39.04094314575195,39.871104581868025,38.738428994894235,39.22151554961201,166674000
2018-03-29,39.34581756591797,40.276816164694516,39.13944903672395,39.35285253138467,153594000
2018-04-02,39.08784866333008,39.61783980550772,38.56958723220933,39.07846990412321,150347200
2018-04-03,39.488861083984375,39.57328423348167,38.6657380601208,39.31297982072446,121112000
2018-04-04,40.24398422241211,40.3377861453882,38.63994772264869,38.665743788214215,138422000
2018-04-05,40.52305221557617,40.85839750981913,40.35420588139473,40.47146008133661,107732800
2018-04-06,39.486515045166016,40.447997082703736,39.44430168365907,40.09389078098584,140021200
2018-04-09,39.87813949584961,40.59104319567461,39.83123854873043,39.83827351188267,116070800
2018-04-10,40.628578186035156,40.80445947688379,40.225223472757165,40.56995108908561,113634400
2018-04-11,40.438629150390625,40.78570058116523,40.26509164584622,40.38938081183268,89726400
2018-04-12,40.8372917175293,41.03896908014141,40.57933105198561,40.66610159129438,91557200
2018-04-13,40.975643157958984,41.235947570635815,40.76927824238423,40.98736929116872,100497200
2018-04-16,41.23126983642578,41.3180368019554,40.999105225302095,41.04600619103934,86313600
2018-04-17,41.79876708984375,41.96292220935366,41.36961640563792,41.388377501912366,106421600
2018-04-18,41.70497512817383,41.93479594830305,41.479849056526675,41.697940162079504,83018000
2018-04-19,40.52305221557617,41.1304281124797,40.490221182725016,40.74817827560862,139235200
2018-04-20,38.86272430419922,40.152520237693295,38.79471487839581,40.00712620479609,261964400
2018-04-23,38.75016784667969,39.14414022627035,38.480481049834914,39.12303532985958,146062000
2018-04-24,38.2108039855957,39.00578741660262,37.80744920153703,38.8510109947003,134768000
2018-04-25,38.37728500366211,38.79236573055111,38.08649697799027,38.13574172116432,113528400
2018-04-26,38.510963439941406,38.86506977787231,38.311629901195275,38.48751117244882,111852000
2018-04-27,38.06541061401367,38.536771276792585,37.66909078917335,38.45938306439938,142623200
2018-04-30,38.75485610961914,39.22387290010459,37.95283782728673,38.02084726576304,169709600
2018-05-01,39.65536880493164,39.678817496129916,38.757201272985704,39.02454068518083,214277600
2018-05-02,41.407142639160156,41.6838607850088,40.75755348322687,41.0928987187872,266157600
2018-05-03,41.482181549072266,41.62523178453475,40.907636811934324,41.24532940570239,136272800
2018-05-04,43.10966873168945,43.20816180545762,41.78235066356514,41.80111176023241,224805200
2018-05-07,43.42156982421875,44.01018453355884,43.32542053554756,43.42625741514392,169805600
2018-05-08,43.630279541015625,43.67014553139931,43.07214851901718,43.38170126079182,113611200
2018-05-09,43.937496185302734,43.946874947317966,43.43564832709968,43.74754494424338,92844800
2018-05-10,44.56595993041992,44.643348106063584,44.00548518407308,44.026593652567186,111957200
2018-05-11,44.39646911621094,44.74252598594442,44.1280988490821,44.608342648435915,104848800
2018-05-14,44.292884826660156,44.61775540501517,44.22461674459871,44.49533983182012,83115200
2018-05-15,43.89033508300781,44.03864620212648,43.574882993810874,43.97037452197802,94780800
2018-05-16,44.29995346069336,44.36587231146577,43.78675557653705,43.80323618725819,76732400
2018-05-17,44.01981735229492,44.471809256839805,43.87150621770076,44.2575828606732,69176000
2018-05-18,43.8597297668457,44.21284873798185,43.81735721452309,44.06689404605473,73190800
2018-05-21,44.17048263549805,44.556559289964575,44.000985217233485,44.25758417828784,73603200
2018-05-22,44.0598258972168,44.46473588249332,43.97036795401736,44.34702957496204,60962800
2018-05-23,44.34231948852539,44.37527711033402,43.73024526395209,43.86914143424903,80233600
2018-05-24,44.292884826660156,44.455320115837665,43.83618734256598,44.43884309966214,92936000
2018-05-25,44.39411163330078,44.64600126495954,44.17517603214325,44.31171578071335,69844000
2018-05-29,44.234031677246094,44.43413384930617,43.99155695605987,44.16341076203586,90056400
2018-05-30,44.13987350463867,44.25757983398438,43.970376103011894,44.19166457691975,74762000
2018-05-31,43.99155807495117,44.31171940312337,43.819707856715965,44.073953934274336,109931200
2018-06-01,44.784908294677734,44.78961396182632,44.198729444569345,44.25522977936332,93770000
2018-06-04,45.159210205078125,45.53351546579196,45.0462131360557,45.1144812257264,105064800
2018-06-05,45.50762176513672,45.6559328937866,45.283980451471415,45.451125024403204,86264000
2018-06-06,45.66535568237305,45.68889838980698,45.18040608298171,45.58296339057992,83734400
2018-06-07,45.542930603027344,45.717133656482744,45.27926600539702,45.703009472917365,85388800
2018-06-08,45.12860107421875,45.19922558261393,44.674256416273806,45.003832665969014,106627200
2018-06-11,45.01797103881836,45.1921777354879,44.77785266354623,45.046223006348434,73234000
2018-06-12,45.2651481628418,45.34283477544598,44.99913069472254,45.055631029010755,67644400
2018-06-13,44.8931884765625,45.406389885336665,44.83198248503108,45.29809849342999,86553600
2018-06-14,44.916744232177734,45.098013018396934,44.78020443404885,45.09330375856828,86440400
2018-06-15,44.455322265625,44.76606867596771,44.31878250278761,44.73546388316103,246876800
2018-06-18,44.431785583496094,44.54478265155956,44.06924808496244,44.22933055748837,73939600
2018-06-19,43.713768005371094,43.86443193167213,43.1864424672618,43.584290351805045,134314000
2018-06-20,43.904457092285156,44.06924522085797,43.72318835479916,43.869146633345196,82514800
2018-06-21,43.659637451171875,44.33997995639365,43.537221851113515,44.08102457013798,102847600
2018-06-22,43.53251266479492,43.822069257467064,43.48072158745682,43.815007164385726,108801600
2018-06-25,42.88511657714844,43.53250128249265,42.546121829430355,43.17467309411117,126652400
2018-06-26,43.41716003417969,43.91152811252894,42.972230200510374,43.07816878309416,98276800
2018-06-27,43.35360336303711,44.088089831952125,43.32299856279475,43.605493082214934,101141200
2018-06-28,43.66904830932617,43.836192877993625,43.2688475068545,43.33947202308176,69460800
2018-06-29,43.577239990234375,44.06689878053816,43.05933282868056,43.855025219825926,90950800
2018-07-02,44.06454086303711,44.09279282544298,43.17939053675064,43.27355775791656,70925200
2018-07-03,43.29710388183594,44.24581678705579,43.2076459052671,44.20814989248861,55819200
2018-07-05,43.645503997802734,43.883273073933445,43.381842978525576,43.61254637039309,66416800
2018-07-06,44.250518798828125,44.35880661283061,43.59842471288167,43.650215786400146,69940800
2018-07-09,44.86492919921875,44.88846830157013,44.56360138907869,44.61068318589229,79026400
2018-07-10,44.8108024597168,45.0297345151261,44.7707791453936,44.89555116325542,63756400
2018-07-11,44.22932434082031,44.676606883449594,44.16576192741964,44.37527901622558,75326000
2018-07-12,44.97087097167969,45.06032891369283,44.56596099177262,44.617752053768506,72164400
2018-07-13,45.04150390625,45.1615630676569,44.940274596265624,44.98265074224645,50055600
2018-07-16,44.94263458251953,45.3522503374858,44.827281078772934,45.086236457750054,60172400
2018-07-17,45.06975555419922,45.16862844586447,44.54007703963458,44.669554728283956,62138000
2018-07-18,44.82257080078125,45.15215069308998,44.711926558834094,45.147441433912235,65573600
2018-07-19,45.170982360839844,45.328708412023275,44.655428060581336,44.655428060581336,81147200
2018-07-20,45.06740951538086,45.300465797974994,44.76843436962574,45.14744897420889,82704800
2018-07-23,45.1074104309082,45.18980628140824,44.624813861075204,44.88847483529713,63957600
2018-07-24,45.43463134765625,45.590004524216056,45.21099009830505,45.30515370052308,74791600
2018-07-25,45.86310577392578,45.87016786783943,45.300465949977394,45.448777106389755,66839600
2018-07-26,45.71949005126953,46.13146216817286,45.578241031486534,45.813653669717006,76304000
2018-07-27,44.959102630615234,45.950191373723,44.75194196088316,45.90310956660715,96096000
2018-07-30,44.70722579956055,45.24631929094277,44.50947999773488,45.17569476397284,84118000
2018-07-31,44.79666519165039,45.23217996880992,44.57302392450554,44.799021616765586,157492000
2018-08-01,47.43566131591797,47.49686732768109,46.4492814810623,46.87773433974285,271742800
2018-08-02,48.822227478027344,49.05528728580015,47.16492406575627,47.21906796740019,249616000
2018-08-03,48.96348190307617,49.14004140332828,48.372593809947276,48.737484162224085,133789600
2018-08-06,49.21773147583008,49.260104034656656,48.74690610871269,48.96583818020829,101701600
2018-08-07,48.75630569458008,49.31894168757005,48.673909844415014,49.2765691420758,102349600
2018-08-08,48.78927993774414,48.92111046923115,48.14660430068866,48.5067854285416,90102000
2018-08-09,49.17298889160156,49.384858811363216,48.77749382470525,49.32600565675037,93970400
2018-08-10,49.02652359008789,49.39741937175886,48.82335855149639,48.986363520271034,98444800
2018-08-13,49.343074798583984,49.83445071820011,49.06667651968287,49.44702018990593,103563600
2018-08-14,49.550987243652344,49.74233970464528,49.19899085182996,49.64784581924725,82992000
2018-08-15,49.66672134399414,49.78484044608294,49.21550550888478,49.42575736641449,115230400
2018-08-16,50.394351959228516,50.51010641019358,49.95730969640134,50.023456126869974,114001600
2018-08-17,51.40073013305664,51.488137151206544,50.35655727177056,50.422703707891095,141708000
2018-08-20,50.899925231933594,51.77872872875481,50.817240353327215,51.52359443901715,121150800
2018-08-21,50.8006706237793,51.30858501340553,50.56207129400101,51.216452242034755,104639200
2018-08-22,50.80303955078125,51.11251110082186,50.51718966438757,50.578613920231255,76072400
2018-08-23,50.906982421875,51.27551351969438,50.696730520954475,50.708539549833304,75532800
2018-08-24,51.06526565551758,51.24007966949176,50.81721474938912,51.16921107177788,73905600
2018-08-27,51.48576354980469,51.67475486622444,51.10541983221715,51.29913331813298,82100400
2018-08-28,51.90155029296875,52.09998958647139,51.717284719757714,51.738545300195106,91107200
2018-08-29,52.67640686035156,52.796890681463665,51.83303813611593,52.00785214367495,109019200
2018-08-30,53.160701751708984,53.923750413942706,52.53939389969296,52.740197886722456,195175200
2018-08-31,53.7749137878418,54.06784690966644,53.38984428836114,53.51032449768809,173360400
2018-09-04,53.94736862182617,54.141082118508926,53.538677445708245,53.95918125564201,109560400
2018-09-05,53.595375061035156,54.25684293673854,53.177235919309275,54.09620264370011,133332000
2018-09-06,52.70475769042969,53.70877030386008,52.27952809791721,53.44418099923575,137160000
2018-09-07,52.27952575683594,53.241013565604675,52.140146053637395,52.40945751605054,150479200
2018-09-10,51.57789993286133,52.40945962051581,51.13849662341598,52.19684302288819,158066000
2018-09-11,52.88193893432617,52.9882454363978,51.159759902867926,51.502304678303155,142996000
2018-09-12,52.22520065307617,53.15361540522654,51.93462496013622,53.13944168453879,197114800
2018-09-13,53.48670196533203,53.94500473781186,52.57954796881852,52.80397358083536,166825600
2018-09-14,52.87957000732422,53.58828477062552,52.56773738592069,53.33078593842304,127997200
2018-09-17,51.47159194946289,52.66931802312977,51.32748647029409,52.48032669893483,148780400
2018-09-18,51.55664825439453,52.409468667615585,51.292058905319834,51.450338134874215,126286800
2018-09-19,51.58735656738281,51.88265444324082,50.86210685872496,51.61806869997937,108495200
2018-09-20,51.97950744628906,52.51104356592274,51.77161661043625,52.02911907019395,106435200
2018-09-21,51.41962814331055,52.293709113672655,51.33221752297712,52.156690470038114,384986800
2018-09-24,52.159053802490234,52.27008609427585,51.17630519274992,51.221191047477355,110773600
2018-09-25,52.489784240722656,52.638615511284215,51.901549623240875,51.91336225823483,98217600
2018-09-26,52.07164001464844,52.85831390102555,51.91572188840217,52.20865864637607,95938800
2018-09-27,53.14179992675781,53.493796258750265,52.80870308957469,52.87485312376238,120724800
2018-09-28,53.32842254638672,53.35204420798232,52.922092477963226,53.10399333061653,91717600
2018-10-01,53.68751525878906,54.19779085665743,53.472541143372936,53.850520264056215,94403200
2018-10-02,54.16470718383789,54.33479901696342,53.53867724574372,53.685143811325815,99152800
2018-10-03,54.82381820678711,55.15455034988667,54.28283053842638,54.346615881992015,114619200
2018-10-04,53.859962463378906,54.88996142629786,53.56229994728196,54.51906562598968,128168000
2018-10-05,52.98587417602539,53.959178192789615,52.10943230916903,53.852871703900746,134322000
2018-10-08,52.8630485534668,53.1063737286037,52.01967604190076,52.4945173602385,118655600
2018-10-09,53.595375061035156,53.689872531684166,52.50395540918603,52.83232645968275,107564000
2018-10-10,51.11251449584961,53.47253621494058,51.03928120567304,53.262284289555225,167962400
2018-10-11,50.661293029785156,51.854296937675905,50.15810799817568,50.677831437884706,212497600
2018-10-12,52.470882415771484,52.65278689341281,51.22590572066078,52.07163916179051,161351600
2018-10-15,51.348751068115234,52.4047364348411,51.32749048871511,52.24645722479021,123164000
2018-10-16,52.48033142089844,52.678774311748526,51.20700726110125,51.719643885984794,116736000
2018-10-17,52.2535400390625,52.59608478681421,51.81649782677638,52.515764645492226,91541600
2018-10-18,51.03220748901367,51.91101440688997,50.31876668907947,51.46688517180747,130325200
2018-10-19,51.80940628051758,52.270070113730455,51.36527724915882,51.51410848939273,132314800
2018-10-22,52.1259651184082,52.766172321422964,51.72199975513701,51.922800092090434,115168400
2018-10-23,52.61735916137695,52.74020409512803,50.7203657705427,50.98731622137371,155071200
2018-10-24,50.81248474121094,52.971702219608254,50.682552981710785,52.58663632017464,163702000
2018-10-25,51.9251708984375,52.298427786327714,51.20464347576049,51.431433794182205,119423200
2018-10-26,51.09834289550781,52.017309700274836,50.24079674850228,51.003845416593705,189033600
2018-10-29,50.13920974731445,51.89918406854014,48.68634228122267,51.78106493819332,183742000
2018-10-30,50.38962173461914,50.8337472135886,49.43758183225462,49.88170731122408,146640000
2018-10-31,51.703102111816406,52.07872005381638,51.17392714872992,51.235351399048334,153435600
2018-11-01,52.49686813354492,52.52994134683256,51.218818240233645,51.7479932575457,233292800
2018-11-02,49.014713287353516,50.47230292231517,48.53042413230621,49.50372821693035,365314800
2018-11-05,47.62327194213867,48.28473981849687,46.81533749201692,48.26347923934601,264654800
2018-11-06,48.13827896118164,48.362704623192265,47.64690286909893,47.701236668284366,127531600
2018-11-07,49.59823226928711,49.624218627473745,48.22332718492194,48.658004808488826,133697600
2018-11-08,49.425167083740234,49.8115765392993,49.01267698848203,49.77838793052821,101450400
2018-11-09,48.47218322753906,48.83725798808566,47.945904040896274,48.72821123325348,137463200
2018-11-12,46.03042984008789,47.37694685707779,45.9403449234574,47.17544226481076,204542000
2018-11-13,45.57052230834961,46.74398093275625,45.38561385200852,45.42828698201078,187531600
2018-11-14,44.28327178955078,46.1039098915167,44.07702497311779,45.96641321965682,243204000
2018-11-15,45.37614822387695,45.50890268674513,44.30699369850852,44.660218236508925,185915200
2018-11-16,45.87871170043945,46.22008232656418,44.913869072574464,45.160412515171664,147713200
2018-11-19,44.06044006347656,45.20782179086691,43.85419682883502,45.04187875050665,167701200
2018-11-20,41.95532989501953,43.0197420672639,41.60684765041812,42.28484670118081,271300800
2018-11-21,41.90791320800781,42.7352627289544,41.85338983967159,42.60724693877204,124496800
2018-11-23,40.84349822998047,41.86524068594316,40.79845939163042,41.47171605144784,94496000
2018-11-26,41.395851135253906,41.474082191574425,40.36225852694691,41.305769848179885,179994000
2018-11-27,41.3057746887207,41.43141753463873,40.50924447872487,40.65859140621429,165549600
2018-11-28,42.894100189208984,42.97706991484424,41.46935188841063,41.89606521990837,184250000
2018-11-29,42.5645751953125,43.335028367317676,42.126008096640945,43.30183975998431,167080000
2018-11-30,42.33464050292969,42.74950006234562,41.96719274113221,42.74001553244895,158126000
2018-12-03,43.81389617919922,43.842342523740484,42.958100347142334,43.72855352828848,163210000
2018-12-04,41.88657760620117,43.2378332586359,41.78701178099935,42.89646264806565,165377200
2018-12-06,41.41957092285156,41.43379409773715,40.40020118769581,40.717864151099256,172393600
2018-12-07,39.94266128540039,41.36503626254481,39.89761883235829,41.127973766354074,169126400
2018-12-10,40.205806732177734,40.32196505738388,38.71942364894465,39.11531764191258,248104000
2018-12-11,39.975860595703125,40.72497553514085,39.58944746589914,40.69415986213853,189126800
2018-12-12,40.087276458740234,40.75579093217634,40.06831102170334,40.39545486304984,142510800
2018-12-13,40.52583694458008,40.909880685541545,40.19395086452644,40.41679021139973,127594400
2018-12-14,39.22910690307617,40.08253346781374,39.1816951199879,40.063568031120994,162814800
2018-12-17,38.86403274536133,39.909479397667184,38.57718548508604,39.221995872633826,177151600
2018-12-18,39.368988037109375,39.71509741023078,38.97072098489433,39.20541426301864,135366000
2018-12-19,38.140995025634766,39.69612483606224,37.71428169538635,39.352384848493756,196189200
2018-12-20,37.17852020263672,38.43021017900651,36.81581479001181,38.024831626332364,259092000
2018-12-21,35.7324333190918,37.4938097578085,35.47166671241152,37.185627752379936,382978400
2018-12-24,34.807899475097656,35.926835155569904,34.751003152988105,35.12082020348033,148676800
2018-12-26,37.259124755859375,37.273347931699135,34.7818215521374,35.15638085749842,234330000
2018-12-27,37.01731491088867,37.16429614836959,35.575977822212685,36.943826100791895,212468400
2018-12-28,37.036277770996094,37.579152986301054,36.638014459884026,37.337348194676096,169165600
2018-12-31,37.394248962402344,37.77828914637844,37.09554782616534,37.58152679042015,140014000
2019-01-02,37.43692398071289,37.65739407159221,36.56216244012711,36.718624618520415,148158800
2019-01-03,33.70793151855469,34.54476220334319,33.66288904599464,34.132271979006546,365248800
2019-01-04,35.146881103515625,35.21563124667648,34.089584494840125,34.26263908807165,234428400
2019-01-07,35.068660736083984,35.282019198115606,34.587424056502364,35.2511999095662,219111200
2019-01-08,35.7371711730957,35.99082977941127,35.208522821319015,35.455066224870585,164101200
2019-01-09,36.34404754638672,36.63326405592934,35.471659372694184,35.86518033295423,180396400
2019-01-10,36.46021270751953,36.50051289787485,35.7632483886162,36.152030738423186,143122800
2019-01-11,36.102256774902344,36.436515862873954,35.91734826183033,36.24212643871853,108092800
2019-01-14,35.55938720703125,35.860457698224735,35.37447868293772,35.7608918481196,129756800
2019-01-15,36.28715515136719,36.36301326314515,35.57122545678983,35.62337949119995,114843600
2019-01-16,36.730472564697266,36.95331194342955,36.270570632809374,36.28953607113632,122278800
2019-01-17,36.94856262207031,37.375275859702455,36.3321986546809,36.55503799084918,119284800
2019-01-18,37.1761589050293,37.42744468386333,36.9770235706222,37.33735973775745,135004000
2019-01-22,36.3416862487793,37.154808983139375,36.18048184882576,37.07895085520432,121576000
2019-01-23,36.48866653442383,36.7778831290405,35.96238739453365,36.54318990699627,92522400
2019-01-24,36.19944381713867,36.621414786971584,35.97186583784891,36.533702817587695,101766000
2019-01-25,37.398983001708984,37.48669859655838,36.58349094638172,36.85848072889009,134142000
2019-01-28,37.052879333496094,37.0599909210056,36.42703431164568,36.93197511125913,104768400
2019-01-29,36.668827056884766,37.4866956045575,36.53370330810849,37.04101693130822,166348800
2019-01-30,39.17459487915039,39.387949773483115,37.9845396073485,38.70046967637701,244439200
2019-01-31,39.45668411254883,40.06356354968348,39.01100544334011,39.37845305142474,162958400
2019-02-01,39.47565841674805,40.058830287377425,39.33578875751876,39.5799665216834,130672400
2019-02-04,40.596954345703125,40.694150841774515,39.65581590302126,39.68663518647969,125982000
2019-02-05,41.29154968261719,41.504908129697604,40.85772843652332,40.97862902443456,144406400
2019-02-06,41.3057746887207,41.62106827364478,40.97625793139639,41.40296757255128,112958400
2019-02-07,40.523475646972656,41.23466334560738,40.381236660330636,40.86958496796045,126966800
2019-02-08,40.57107925415039,40.63059905695286,40.097300316034534,40.233007210168395,95280000
2019-02-11,40.3377685546875,40.761552993076776,40.29491603027586,40.723459438398876,83973600
2019-02-12,40.685367584228516,40.71155645006401,40.402052662772235,40.497286553447424,89134000
2019-02-13,40.51633071899414,41.06391379755997,40.45443141309773,40.80440825043843,89960800
2019-02-14,40.6639404296875,40.77345486056133,40.325868299005165,40.40443489478929,87342800
2019-02-15,40.57346725463867,40.87820841832707,40.41395458558312,40.77107347735558,98507200
2019-02-19,40.69489669799805,40.81631947700938,40.35206552644233,40.404443267819346,75891200
2019-02-20,40.9567756652832,41.26389995148661,40.70917482812812,40.75678995456549,104457600
2019-02-21,40.725833892822266,41.037717113521,40.54489497965377,40.902013836844844,68998800
2019-02-22,41.180564880371094,41.18770696667767,40.80201977491948,40.84963489456358,75652800
2019-02-25,41.48054504394531,41.87099485294799,41.41388314724736,41.46388138617128,87493600
2019-02-26,41.50436019897461,41.735297384970416,41.22818736975056,41.35675221185204,68280800
2019-02-27,41.63291549682617,41.66386696049311,41.12342606902132,41.23770671972961,111341600
2019-02-28,41.223419189453125,41.64244097925039,41.16866198112314,41.5019750987165,112861600
2019-03-01,41.65671920776367,41.69957172134979,41.1615140204551,41.49244397341607,103544800
2019-03-04,41.86624526977539,42.3185944748955,41.418655034914266,41.82815171089323,109744800
2019-03-05,41.790042877197266,41.901940395012524,41.55434315466717,41.88765622385319,78949600
2019-03-06,41.54959487915039,41.780532059793444,41.41150846773898,41.58530531623897,83241600
2019-03-07,41.06867980957031,41.53055423911175,40.95440276119777,41.39484729251784,99185600
2019-03-08,41.16628646850586,41.2043800226722,40.35443530524196,40.549662045743496,95997600
2019-03-11,42.59238052368164,42.64475825441138,41.74720201003653,41.78053296297351,128044000
2019-03-12,43.0709228515625,43.48994107105625,42.70427873080419,42.85426983773272,129870400
2019-03-13,43.26137924194336,43.63992435242317,43.073294612569825,43.389940429970174,124130000
2019-03-14,43.74229431152344,43.83038609370737,43.46374205854323,43.78276734320768,94318000
2019-03-15,44.31130599975586,44.599383472174495,43.74467989147585,44.00894798730422,156171600
2019-03-18,44.7636604309082,44.851748588606974,44.23274110168336,44.23512421911368,104879200
2019-03-19,44.40894317626953,44.99462000618593,44.26371461989858,44.84224935956746,126585600
2019-03-20,44.7969970703125,45.11364294068705,43.98038327138836,44.33750218240909,124140800
2019-03-21,46.4468879699707,46.742107598369216,45.18982960517974,45.23982785468012,204136800
2019-03-22,45.48503875732422,47.06588473880765,45.420756346429926,46.50639708117386,169630800
2019-03-25,44.93508529663086,45.706459850538906,44.42559577501445,45.594562296617404,175381200
2019-03-26,44.4708251953125,45.920730708925866,43.944672043567564,45.63027370922542,199202000
2019-03-27,44.870792388916016,45.17791299458407,44.41368070712132,44.937454282127696,119393600
2019-03-28,44.93031311035156,45.1302987940568,44.64699824203542,44.9850703167183,83121600
2019-03-29,45.22315216064453,45.254103625195796,44.88745955109944,45.194583813551674,94256000
2019-04-01,45.53028869628906,45.63504054146689,44.849381722222255,45.62551896746963,111448000
2019-04-02,46.19214630126953,46.296901773379574,45.48505049732856,45.494572070792294,91062800
2019-04-03,46.50878143310547,46.78257110861055,45.98500419384211,46.00881357119078,93087200
2019-04-04,46.5897331237793,46.75162528431652,45.98263025616197,46.37545960019598,76457200
2019-04-05,46.90161895751953,46.92542833904499,46.64687237984307,46.770674624732635,74106400
2019-04-08,47.6396598815918,47.67060771411414,46.74447956713856,46.763526343275984,103526800
2019-04-09,47.49681091308594,48.294377862741904,47.432528497673395,47.692037644042145,143072800
2019-04-10,47.76345443725586,47.7920264154458,47.18254052900446,47.30158014519366,86781200
2019-04-11,47.365867614746094,47.8539308198169,47.2444485010714,47.818220384265864,83603200
2019-04-12,47.346832275390625,47.64919402303287,46.713544057566324,47.4253988853828,111042800
2019-04-15,47.432533264160156,47.58014488597061,47.14207625605754,47.27778318747662,70146400
2019-04-16,47.43729782104492,47.942024745778596,47.273022532160425,47.487296069627796,102785600
2019-04-17,48.36104202270508,48.42056183866063,47.28492273304426,47.50633470465432,115627200
2019-04-18,48.53483963012695,48.60388101928682,48.21581428346865,48.35865966432395,96783200
2019-04-22,48.69434356689453,48.79195692095308,48.17294948323619,48.28960961121841,77758000
2019-04-23,49.39668273925781,49.46096515519979,48.544358571646036,48.67054028599068,93292000
2019-04-24,49.320499420166016,49.63476214823507,49.294310556760166,49.36811454468543,70162400
2019-04-25,48.87290954589844,49.46334508558559,48.83481599293768,49.24193312050334,74172800
2019-04-26,48.639591217041016,48.806245964505955,48.12057656602047,48.7824365865248,74596400
2019-04-29,48.71339797973633,49.03718592161168,48.53483853310215,48.66339973624621,88818800
2019-04-30,47.77537155151367,48.42532700777185,47.40396843365186,48.34438091958181,186139600
2019-05-01,50.12044143676758,51.260839370967766,49.81331719006175,49.96807087208278,259309200
2019-05-02,49.794273376464844,50.627550746312075,49.55143515858325,49.958548639197176,127985200
2019-05-03,50.41328811645508,50.434714380027714,50.05140658953269,50.2085397880018,83569600
2019-05-06,49.634765625,49.720474308259035,48.44913186725117,48.63721289375776,129772400
2019-05-07,48.2967643737793,49.38240534277165,47.81346371111648,49.01576483871082,155054800
2019-05-08,48.3062744140625,48.88718831771538,48.03248475211498,48.06819518356875,105358000
2019-05-09,47.78727340698242,48.01582748157981,46.8206721107276,47.71108629358228,139634400
2019-05-10,47.125244140625,47.524370793548194,46.071274225403876,47.1826045112537,164834800
2019-05-13,44.3863525390625,45.28497649247843,43.700434952267486,44.86195605399725,229722400
2019-05-14,45.08899688720703,45.33755118133894,44.31225970370801,44.55125576016925,146118800
2019-05-15,45.6291389465332,45.827506164416576,44.458059413303786,44.51780844350511,106178800
2019-05-16,45.42838668823242,45.99958731645048,45.13203016205216,45.38775778208372,132125600
2019-05-17,45.170265197753906,45.624356352136516,44.63491259367641,44.67554149512822,131516400
2019-05-20,43.75779342651367,44.05893083512368,43.086214994281725,43.860563641976256,154449200
2019-05-21,44.5966796875,44.93127281356524,44.14258484864967,44.266863858384575,113459200
2019-05-22,43.6837043762207,44.38396480563618,43.62873629745547,44.133018185582294,118994400
2019-05-23,42.93804931640625,43.148363449235205,42.49590497882846,42.971508631637576,146118800
2019-05-24,42.77312469482422,43.53074175934809,42.689474615998094,43.06708882439502,94858800
2019-05-28,42.59626388549805,43.16029469500414,42.51978704777683,42.76117173928439,111792800
2019-05-29,42.39311599731445,42.86393845737298,42.063300316496424,42.163678209182365,113924800
2019-05-30,42.613006591796875,42.83527122076542,42.22344177055687,42.52935649566115,84873600
2019-05-31,41.8410530090332,42.53892125066101,41.82193288157596,42.118285740184604,108174400
2019-06-03,41.41802215576172,42.522182898713545,40.69386431177502,41.96771387923834,161584400
2019-06-04,42.93326187133789,42.978671716588416,41.70960293183085,41.92947891959907,123872000
2019-06-05,43.626338958740234,44.211882220098055,43.29174593521329,44.04219341380124,119093600
2019-06-06,44.266868591308594,44.326617630693605,43.53314863720055,43.7554169600446,90105200
2019-06-07,45.44510269165039,45.86812677005471,44.39830235170156,44.575157115158966,122737600
2019-06-10,46.02587127685547,46.692668818811526,45.79643340678976,45.84184325115213,104883600
2019-06-11,46.5588264465332,46.84323236940541,46.26964322768004,46.57077698006724,107731600
2019-06-12,46.4106559753418,46.83606876664861,46.219458354725056,46.353295595119384,73012800
2019-06-13,46.401084899902344,47.03203437023856,46.26963998062483,46.532533465970424,86698400
2019-06-14,46.06411361694336,46.267258131465205,45.480962498943924,45.77970764982139,75046000
2019-06-17,46.338951110839844,46.59467867410405,45.92787754991537,46.10234367212921,58676400
2019-06-18,47.428768157958984,47.868520040364245,46.65442324476505,46.85517906323825,106204000
2019-06-19,47.29017639160156,47.77056108210986,47.1563391046037,47.722758925217,84496800
2019-06-20,47.670162200927734,47.945006248507305,47.32839589241973,47.88764587347905,86056000
2019-06-21,47.50764846801758,48.002372187149874,47.357079745361425,47.5124294115218,191202400
2019-06-24,47.4598503112793,47.83746462139094,47.36186102609769,47.450288424202775,72881600
2019-06-25,46.7404670715332,47.622359580324556,46.67354481128587,47.4239923880106,84281200
2019-06-26,47.751426696777344,48.03583267016002,47.165886917526144,47.26626485281565,104270000
2019-06-27,47.737083435058594,48.17444674582689,47.69645453473033,47.86852837567722,83598800
2019-06-28,47.30210494995117,47.67971920381685,47.09417952190008,47.483740662644806,124442400
2019-07-01,48.16966247558594,48.87231156085323,47.95456380737443,48.55683497285938,109012000
2019-07-02,48.45167541503906,48.547276037358415,48.12425194472356,48.136202478362335,67740800
2019-07-03,48.85319900512695,48.860368597165724,48.44212537654384,48.58313221569498,45448000
2019-07-05,48.810176849365234,49.013325011259084,48.49231157030816,48.59986274236455,69062000
2019-07-08,47.80400466918945,48.13381683307876,47.419220772325794,47.99280999831783,101354400
2019-07-09,48.095577239990234,48.160103562324515,47.51481481144376,47.60802314605108,82312000
2019-07-10,48.57117462158203,48.690672667251185,48.17205158666198,48.241362495353016,71588400
2019-07-11,48.217464447021484,48.84841402179487,48.207906207357404,48.5902977893706,80767200
2019-07-12,48.58790588378906,48.755202417628624,48.32500872576195,48.384757748332575,70380800
2019-07-15,49.04439926147461,49.20213394156513,48.75521232885727,48.776721106125294,67789600
2019-07-16,48.87471008300781,49.25949400997308,48.63571394568259,48.89621886013708,67467200
2019-07-17,48.59986114501953,49.01571204861512,48.580741018322186,48.7671576951322,56430000
2019-07-18,49.15193557739258,49.20451500768722,48.68350164752872,48.75520120218422,74162400
2019-07-19,48.4182243347168,49.35270006344837,48.36325624678891,49.18301120924729,83717200
2019-07-22,49.5247688293457,49.52715747734154,48.661992820040304,48.67155105881449,89111600
2019-07-23,49.911949157714844,49.928680636686046,49.5415044398914,49.821133111328635,73420800
2019-07-24,49.8713264465332,49.98604357803794,49.512832219638,49.63233029526973,59966400
2019-07-25,49.47697067260742,50.0075422744963,49.407659765565704,49.923892185802046,55638400
2019-07-26,49.649051666259766,50.12465157648066,49.50565254598537,49.58691034563834,70475600
2019-07-29,50.112701416015625,50.34213928080888,49.8163485805303,49.821129523719435,86693600
2019-07-30,49.897605895996094,50.22742168380975,49.546281334227054,49.89282495285342,135742800
2019-07-31,50.91572952270508,52.906567550868054,50.49987862645295,51.72353753914433,277125600
2019-08-01,49.81395721435547,52.10832131790344,49.41005685372621,51.121266221435036,216071600
2019-08-02,48.75998306274414,49.33596086524618,48.18878255632911,49.12086584402196,163448400
2019-08-05,46.20750427246094,47.47657295728015,46.02586855255384,47.31883830566207,209572000
2019-08-06,47.08223342895508,47.33796101580563,46.37480334238874,46.917325530412754,143299200
2019-08-07,47.56978225708008,47.69406125048899,46.32222596704192,46.702228891752036,133457600
2019-08-08,48.61897277832031,48.64287384600723,47.65343018049829,47.84701642967316,108038000
2019-08-09,48.21833801269531,48.64296573649967,47.810498015760096,48.292707715938555,98478800
2019-08-12,48.095977783203125,48.47262901521788,47.7769048588154,47.88966009001431,89927600
2019-08-13,50.13277053833008,50.893266254855526,48.09598298618555,48.225533277199396,188874000
2019-08-14,48.64056396484375,49.52581081950047,48.60217842422012,48.73892553994931,146189600
2019-08-15,48.39826202392578,49.213934627282455,47.90165870212019,48.81089743333585,108909600
2019-08-16,49.54021072387695,49.69854835341414,48.90206475803103,49.00762317772249,110481600
2019-08-19,50.46384811401367,51.034817600178286,50.387077015671984,50.528619610011084,97654400
2019-08-20,50.46623992919922,51.18355469517102,50.45664537335362,50.590991119074104,107537200
2019-08-21,51.01321792602539,51.25551979787076,50.76371922258588,51.0971858421528,86141600
2019-08-22,50.97005081176758,51.44506012952433,50.55981299599053,51.1451798626442,89014800
2019-08-23,48.61417007446289,50.87166869175943,48.22072746939714,50.243117416600434,187272000
2019-08-26,49.537803649902344,49.70573580378424,49.19473885065766,49.38666288108543,104174400
2019-08-27,48.97883224487305,50.03201131914729,48.82769145865033,49.86647686959799,103493200
2019-08-28,49.30750274658203,49.35308512364201,48.77731659181928,48.96444154769402,63755200
2019-08-29,50.14236831665039,50.21674168290386,49.5785957240762,50.02001851007021,83962000
2019-08-30,50.07759094238281,50.48782496724096,49.708136520945146,50.418254378102155,84573600
2019-09-03,49.34828186035156,49.65535887288814,48.99322475097742,49.52341086109975,80092000
2019-09-04,50.185550689697266,50.255121283851096,49.73693109197349,49.99362663387558,76752400
2019-09-05,51.16676712036133,51.33230160289125,50.74213566439076,50.859690039390394,95654800
2019-09-06,51.161956787109375,51.4402464746383,50.982028677859134,51.35148311214848,77449200
2019-09-09,51.38026809692383,51.92485150775339,50.636567475633186,51.5410034279187,109237600
2019-09-10,51.987220764160156,52.00641353255493,50.790101578286716,51.30589395905369,127111600
2019-09-11,53.640174865722656,53.668965856636916,52.23433622087792,52.315906424379826,177158400
2019-09-12,53.52021408081055,54.31909531176275,53.465037153213494,53.93045177370637,128906800
2019-09-13,52.479026794433594,52.968429593626404,52.06399368750889,52.77890694754464,159053200
2019-09-16,52.75493621826172,52.810116824219136,52.19356122516146,52.23434450305529,84632400
2019-09-17,52.94684600830078,52.9756369959949,52.56779700604228,52.76931927731361,73274800
2019-09-18,53.443450927734375,53.462643699876494,52.64456963297275,53.03321320207144,101360000
2019-09-19,53.00923156738281,53.68096037256668,52.867685312832165,53.26112803900305,88242400
2019-09-20,52.23434066772461,53.39307839803144,52.17196689328703,53.10999319791364,221652400
2019-09-23,52.47184371948242,52.740535235702495,52.21514448401354,52.5270206571389,76662000
2019-09-24,52.22234344482422,53.37628569847682,52.10479273201134,53.02602396286162,124763200
2019-09-25,53.02602005004883,53.1387753063045,52.092792946174384,52.43105871494141,87613600
2019-09-26,52.752525329589844,53.00442542844722,52.498227506977486,52.77891493348246,75334000
2019-09-27,52.495826721191406,53.009221444627215,52.12637228824465,52.90845848244411,101408000
2019-09-30,53.73133087158203,53.8776725443419,52.968433797976715,52.99482339997101,103909600
2019-10-01,53.880069732666016,54.75092292917973,53.78650726482421,53.99522635512258,139223200
2019-10-02,52.52941131591797,53.63776725465984,52.28230668763537,53.51301607875295,138449200
2019-10-03,52.97562789916992,53.00921432850663,51.610572912831074,52.40225355586011,114426000
2019-10-04,54.46064376831055,54.57580040442291,53.712143936815686,54.131976230110034,138478800
2019-10-07,54.47263717651367,55.161160934101474,54.17995381280001,54.28311450360741,122306000
2019-10-08,53.834495544433594,54.712545705751026,53.817704155676886,54.17516269518079,111820000
2019-10-09,54.4654426574707,54.64776850627761,54.13197601227896,54.4654426574707,74770400
2019-10-10,55.19955062866211,55.28351855399068,54.530219592534166,54.68135673321952,113013600
2019-10-11,56.667762756347656,57.01082394508319,55.73213434401569,55.88567285866777,166795600
2019-10-14,56.5861930847168,57.12837882948465,56.29830882465834,56.353485756513194,96427600
2019-10-15,56.45423889160156,57.013212266031545,56.348680493815976,56.710934394719835,87360000
2019-10-16,56.22633361816406,56.43505271476371,55.94564620616464,55.986429471773434,73903200
2019-10-17,56.44465637207031,56.65337184168017,56.022426324167796,56.3990739912021,67585200
2019-10-18,56.71574401855469,56.99643144981467,56.20714470406706,56.279116685052266,97433600
2019-10-21,57.699344635009766,57.81450126035305,56.93405348688718,56.98203358379018,87247200
2019-10-22,57.56740951538086,58.10479254390562,57.48583931085349,57.855293803611595,82293600
2019-10-23,58.33989715576172,58.3542944816092,57.869687009535255,58.080803860863966,75828800
2019-10-24,58.43584060668945,58.72852389898379,58.01120932841881,58.65894966062991,69275200
2019-10-25,59.15556716918945,59.19155132829628,58.26792252496766,58.33509539573167,73477200
2019-10-28,59.74812698364258,59.79610707966142,59.18914989643876,59.35708206282803,96572800
2019-10-29,58.36628341674805,59.916065952572374,58.19355578359902,59.72894099440109,142839600
2019-10-30,58.35908889770508,58.84849546974143,57.86728826237409,58.718945163935885,124522000
2019-10-31,59.678565979003906,59.776927577095016,56.91966774812424,59.313914239806,139162000
2019-11-01,61.37228012084961,61.398666062574364,59.77451763685892,59.86567872270404,151125200
2019-11-04,61.77531433105469,61.859282241976885,61.26671873981368,61.73452740702055,103272000
2019-11-05,61.686553955078125,61.940851762991464,61.492232183395174,61.66735752356005,79897600
2019-11-06,61.71294403076172,61.772920071009715,61.26432442111376,61.600188782243734,75864400
2019-11-07,62.42518997192383,62.64656766388103,62.107563983005626,62.259158538774514,94940400
2019-11-08,62.596046447753906,62.668230843713935,61.804389970107614,62.24713806630478,69986400
2019-11-11,63.09172058105469,63.156686525438744,62.14846970255619,62.153279546974815,81821200
2019-11-12,63.03396987915039,63.23369225641029,62.78372577398594,62.93531298752282,87388800
2019-11-13,63.6379508972168,63.71254389196474,62.81982920614928,62.83426608621174,102734400
2019-11-14,63.19760513305664,63.73660151760766,63.06766588203988,63.46469473113416,89182800
2019-11-15,63.94833755493164,63.953147398951465,63.286620510177045,63.4478347324842,100206400
2019-11-18,64.27079010009766,64.3501929351306,63.580199124620194,63.95797391868933,86703200
2019-11-19,64.07587432861328,64.48734000161132,63.859313834576106,64.46327609265741,76167200
2019-11-20,63.32993698120117,64.02533768482304,62.65859284317202,63.89540579483597,106234400
2019-11-21,63.045989990234375,63.52723870318722,62.846267662126294,63.45023714672934,121395200
2019-11-22,62.99065017700195,63.32752284181442,62.76446267135501,63.18555533818893,65325200
2019-11-25,64.09512329101562,64.1119687621998,63.16871783845167,63.214437064080556,84020400
2019-11-26,63.594627380371094,64.28521826220536,63.16390763031804,64.23228059826994,105207600
2019-11-27,64.44883728027344,64.48252822045184,63.84005785272113,63.90502379599888,65235600
2019-11-29,64.30686950683594,64.48733780292622,63.98202510521868,64.15046511887911,46617600
2019-12-02,63.56336212158203,64.5475153419682,63.3925208006526,64.31170071316927,94487200
2019-12-03,62.430015563964844,62.44926228863821,61.66964143204824,62.15570017026076,114430400
2019-12-04,62.98101806640625,63.35880007657011,62.72595683052724,62.81980385633866,67181600
2019-12-05,63.90503692626953,63.97963726009609,63.21926313205803,63.47432445651237,74424400
2019-12-06,65.13944244384766,65.20922559007963,64.3189121926835,64.36223017433375,106075600
2019-12-09,64.22745513916016,65.16107145471474,63.74379784275475,64.96857491080652,128042400
2019-12-10,64.60284423828125,64.98543616897592,63.972402115751365,64.63171799255643,90420400
2019-12-11,65.15387725830078,65.23328743607989,64.60766242070665,64.68225540996873,78756800
2019-12-12,65.31989288330078,65.58458117297278,64.32371175724688,64.43439691719212,137310400
2019-12-13,66.20780944824219,66.2439016435434,65.19237407521152,65.31990472745893,133587600
2019-12-16,67.3411636352539,67.56494998316613,66.64817129927935,66.65298114531323,128186000
2019-12-17,67.47349548339844,67.80074117462817,67.08608634301142,67.27137184882572,114158400
2019-12-18,67.312255859375,67.83200535618194,67.16306993166862,67.32669273345803,116028400
2019-12-19,67.37965393066406,67.6587791659251,67.12219135736983,67.25453186379887,98369200
2019-12-20,67.24008178710938,68.01248404193913,67.02833114376412,67.91142590788041,275978000
2019-12-23,68.33733367919922,68.39748978279006,67.46386588013625,67.50236666762733,98572000
2019-12-24,68.40231323242188,68.55150656735154,68.0774760830421,68.5033787375967,48478800
2019-12-26,69.7594223022461,69.77626777302233,68.50577120530262,68.53464495904811,93121200
2019-12-27,69.73294830322266,70.73635528399755,69.32870107290967,70.05057427415741,146266000
2019-12-30,70.14683532714844,70.4283691578937,68.63090426605163,69.65114955957583,144114400
2019-12-31,70.65936279296875,70.66658123217782,69.6655827166298,69.76423961467027,100805600
2020-01-02,72.27153778076172,72.3316938789073,71.02991503384398,71.28256770874596,135480400
2020-01-03,71.56890869140625,72.32687403151142,71.34512977691992,71.50153415769186,146322800
2020-01-06,72.13920593261719,72.17770672514841,70.44280652658847,70.69305800640377,118387200
2020-01-07,71.79991912841797,72.40388138645835,71.58095004051803,72.148820106767,108872000
2020-01-08,72.95491027832031,73.25569076947626,71.50394548271495,71.50394548271495,132079200
2020-01-09,74.5045394897461,74.69703608624071,73.67919950094557,73.9294436077337,170108400
2020-01-10,74.67296600341797,75.2360335553344,74.17247048793807,74.73793929040194,140644800
2020-01-13,76.26830291748047,76.29477541829935,74.87027582985212,74.98818677177965,121532000
2020-01-14,75.23844909667969,76.41510614806313,75.11573562414125,76.20576405751645,161954400
2020-01-15,74.9159927368164,75.91699102743593,74.48527304539368,75.03871351906952,121923600
2020-01-16,75.85444641113281,75.96513894112196,75.09648089083629,75.4574175522418,108829200
2020-01-17,76.69422912597656,76.69663037690943,75.79669733616299,76.10228772628851,137816400
2020-01-21,76.1744613647461,76.7639866868858,76.03730370643434,76.32364730468942,110843200
2020-01-22,76.44637298583984,76.9973975614814,76.3525259473167,76.65811628441689,101832400
2020-01-23,76.81454467773438,76.89394751401544,75.95310504727735,76.49932724037184,104472000
2020-01-24,76.59317016601562,77.80110229414466,76.40307478925112,77.05998219911793,146537600
2020-01-27,74.34091186523438,75.01946709734743,73.36156878763045,74.60800142643146,161940000
2020-01-28,76.44397735595703,76.61481864871986,75.120542963226,75.21919986278621,162234000
2020-01-29,78.04412841796875,78.8887225352215,77.33188214601793,78.07060092433913,216229200
2020-01-30,77.93103790283203,77.9839755745144,76.69904191816083,77.1297617312458,126743200
2020-01-31,74.47566986083984,77.64468949943712,74.18210776179268,77.22359674590982,199588400
2020-02-03,74.2711181640625,75.43333062820889,72.72149664968535,73.2219921031148,173788400
2020-02-04,76.72309875488281,76.91319410520111,75.46703897288427,75.87128624120515,136616400
2020-02-05,77.34871673583984,78.14518291668757,76.74715573258482,77.84680366564679,118826800
2020-02-06,78.25346374511719,78.2558723391088,77.06237729988993,77.61821910965085,105425600
2020-02-07,77.18976593017578,78.00259327534266,76.7001395476174,77.75416230016674,117684000
2020-02-10,77.55640411376953,77.55640411376953,75.69920332307832,75.7787945932457,109348800
2020-02-11,77.08849334716797,78.1232241451145,76.87141886050789,78.05086843646208,94323200
2020-02-12,78.91914367675781,78.92396493526354,77.5370912824159,77.5370912824159,113730400
2020-02-13,78.35714721679688,78.68276247393563,77.99053286427953,78.1931361138838,94747600
2020-02-14,78.37647247314453,78.62490351773702,77.86996050397198,78.32581612373606,80113600
2020-02-18,76.94136047363281,77.12225708916644,75.88250875090567,76.0634053664393,152531200
2020-02-19,78.0556869506836,78.28482562119284,77.18256041371585,77.18256041371585,93984000
2020-02-20,77.25491333007812,78.30411519495496,76.75081563386378,77.81690294978998,100566000
2020-02-21,75.50626373291016,77.29111668555649,74.8912180267307,76.84972470852547,129554000
2020-02-24,71.91967010498047,73.36684305832843,69.76097486599113,71.69777437412706,222195200
2020-02-25,69.48358917236328,72.96886672904328,69.01326241271661,72.58778111739974,230673600
2020-02-26,70.58584594726562,71.84730078233405,69.10249542340598,69.10973099237307,198054800
2020-02-27,65.9718017578125,68.98192476086734,65.83673284364053,67.80006808151072,320605600
2020-02-28,65.9332046508789,67.15124645876003,61.835295069493725,62.04996261815576,426510000
2020-03-02,72.07162475585938,72.70597008087806,66.98481268602946,68.08466354649526,341397200
2020-03-03,69.78268432617188,73.32343252495296,68.93367144924383,73.24384124809224,319475600
2020-03-04,73.01952362060547,73.17871353455695,70.70163838902825,71.49999490851802,219178400
2020-03-05,70.6510009765625,72.25012122741664,70.28679335490708,71.27810349342903,187572800
2020-03-06,69.71273040771484,70.14447238483373,67.83140857783133,68.01712645055636,226176800
2020-03-09,64.19902038574219,67.07406711242609,63.4344272820737,63.61532393782106,286744800
2020-03-10,68.82274627685547,69.08806288839563,64.97085254951412,66.84494692684842,285290000
2020-03-11,66.43244934082031,67.82897281165458,65.57137996922252,66.90519763936402,255598800
2020-03-12,59.871952056884766,65.12277860691059,59.81647812782899,61.73157079868094,418474000
2020-03-13,67.04512023925781,67.51545445631106,61.01040718580854,63.89028601752773,370732000
2020-03-16,58.41995620727539,62.488918914128035,57.88691260105301,58.35724302986641,322423600
2020-03-17,60.98869705200195,62.13437204877519,57.50100834396888,59.69829959615255,324056000
2020-03-18,59.495689392089844,60.29887079269061,57.19227179173887,57.83144203035199,300233600
2020-03-19,59.03982925415039,60.98386423258545,58.51643550459872,59.66934960367585,271857200
2020-03-20,55.29164505004883,60.74024926077328,54.99256137379153,59.61868823507124,401693200
2020-03-23,54.11702346801758,55.11316188237845,51.28056622079162,55.01186023215794,336752800
2020-03-24,59.546348571777344,59.741716345644676,56.51210862018161,57.00897078096802,287531200
2020-03-25,59.218326568603516,62.288744583804295,58.92406773248229,60.479778138969706,303602000
2020-03-26,62.33455276489258,62.392437317540725,59.42091128360293,59.459503438935364,252087200
2020-03-27,59.75376892089844,61.71468565033882,59.58734345256695,60.96215693824958,204216800
2020-03-30,61.45901870727539,61.63026911474741,60.154150297630075,60.477355032834254,167976400
2020-03-31,61.3336067199707,63.311409233664314,60.78127060250106,61.64957594039169,197002000
2020-04-01,58.10640335083008,59.990139440698485,57.6770756954336,59.45468518637688,176218400
2020-04-02,59.076011657714844,59.12907496179199,57.13921209995254,57.96892520332119,165934000
2020-04-03,58.22700881958008,59.26173593576545,57.63849118766615,58.56227043050136,129880000
2020-04-06,63.30659484863281,63.460956169520685,60.14934605494643,60.51596063267101,201820400
2020-04-07,62.57333755493164,65.53281061360002,62.4696252718209,65.31572880710591,202887200
2020-04-08,64.17488098144531,64.48843215066613,63.00749578061629,63.371695937944736,168895200
2020-04-09,64.63796997070312,65.13966065726305,63.84444219472263,64.80922404965942,161834800
2020-04-13,65.90669250488281,66.01523346060927,64.11701805524406,64.7151857459473,131022800
2020-04-14,69.23517608642578,69.524613675671,67.06441624919755,67.53475049154513,194994800
2020-04-15,68.60324096679688,69.0615109892011,67.68670092198845,68.11361434863234,131154400
2020-04-16,69.14833068847656,69.51253820784274,68.10154321976958,69.31475615357093,157125200
2020-04-17,68.2100830078125,69.21105020012682,66.77738117936849,68.66594602627303,215250000
2020-04-20,66.79426574707031,67.93994433259655,66.77497334644413,67.04028985944329,130015200
2020-04-21,64.7296371459961,66.87145442951221,64.02052176535352,66.63749449289608,180991600
2020-04-22,66.59407043457031,67.02821933430408,65.65340957801277,65.99348871174,116862400
2020-04-23,66.33600616455078,67.95684041674475,66.29741399655765,66.5386095259871,124814400
2020-04-24,68.25108337402344,68.2607332539519,66.81114610399659,66.8593881429372,126161200
2020-04-27,68.29930877685547,68.6297453170771,67.5226592475762,67.96886487593393,117087600
2020-04-28,67.19224548339844,68.94091302319053,67.10059736775176,68.76001638114307,112004800
2020-04-29,69.39916229248047,69.86708200588623,68.47297274366603,68.67557601740354,137280800
2020-04-30,70.86322784423828,71.03930319142114,69.54871691757756,69.93703810047037,183064000
2020-05-01,69.72237396240234,72.11744313333922,68.94572428038448,69.04220099303798,240616800
2020-05-04,70.7088851928711,70.83671853428713,69.05910858714758,69.74651734637497,133568000
2020-05-05,71.77010345458984,72.59981622891917,71.0223962339129,71.16711494770513,147751200
2020-05-06,72.51061248779297,73.14012928036907,72.08610600468356,72.46960600947763,142333600
2020-05-07,73.26070404052734,73.60561913010429,72.8337907414733,73.13528505567275,115215200
2020-05-08,75.00444030761719,75.05764724717811,73.5920466345589,73.91854342819974,133838400
2020-05-11,76.1846694946289,76.67803493373073,74.30550263769149,74.51349610684939,145946400
2020-05-12,75.31399536132812,77.3164993988426,75.1930711866458,76.86665763109883,162301200
2020-05-13,74.40465545654297,76.41200151515211,73.33084801811279,75.49297320787404,200622400
2020-05-14,74.86177062988281,74.92223274185808,72.92456220039374,73.64527323216542,158929200
2020-05-15,74.4191665649414,74.46511834982786,72.60530362666714,72.63916594421597,166348400
2020-05-18,76.17256927490234,76.54501787394523,75.0503965474728,75.73966595706034,135178400
2020-05-19,75.732421875,77.03356024520173,75.70098039780004,76.18951157558008,101729600
2020-05-20,77.20525360107422,77.27538431049794,76.54983924007178,76.58853586283631,111504800
2020-05-21,76.62965393066406,77.60672336639306,76.39263988211127,77.0673988694635,102688800
2020-05-22,77.12303924560547,77.20526681531915,76.26689384939174,76.3684660434856,81803200
2020-05-26,76.60064697265625,78.41692345166804,76.54501918320653,78.23795799610525,125522000
2020-05-27,76.93439483642578,77.07950535982266,75.72031846461518,76.45796054995435,112945200
2020-05-28,76.96824645996094,78.22344013486418,76.334604889172,76.61030820274443,133560800
2020-05-29,76.89328002929688,77.66961131806718,76.53776259003484,77.21010083931498,153532400
2020-06-01,77.83889770507812,77.9598218875062,76.71671774944491,76.84731793304262,80791200
2020-06-02,78.19925689697266,78.22344321190015,77.13270462012565,77.57287045767401,87642800
2020-06-03,78.6297378540039,78.8909382167243,77.94772370544388,78.51848967465142,104491200
2020-06-04,77.95259857177734,78.7506955495374,77.5801498711956,78.45322666286307,87560400
2020-06-05,80.1727523803711,80.23321448623865,78.17266857529869,78.2016892052146,137250400
2020-06-08,80.64676666259766,80.68062898183005,79.16182130122834,79.87043535299438,95654400
2020-06-09,83.19344329833984,83.58523659393398,80.29610368341933,80.32754516181643,147712400
2020-06-10,85.33379364013672,85.80055930851739,83.70131684314876,84.13906188270568,166651600
2020-06-11,81.23685455322266,84.90327621116599,81.13528238529426,84.48004162333818,201662400
2020-06-12,81.93821716308594,84.11485229011672,80.8305549792501,83.36996262745267,200146000
2020-06-15,82.95157623291016,83.60214898703789,80.43393362831908,80.59597529574442,138808800
2020-06-16,85.14997863769531,85.420855036557,83.36997801465319,85.00003381550317,165428800
2020-06-17,85.0314712524414,85.95291299210936,84.9105470621372,85.89245089695726,114406400
2020-06-18,85.06534576416016,85.4813253336703,84.45830388000144,84.98795249991922,96820400
2020-06-19,84.57921600341797,86.2334580419222,83.47396713214061,85.7691132840755,264476000
2020-06-22,86.79212951660156,86.93481917934642,84.92505967255737,84.97101145656654,135445200
2020-06-23,88.64466857910156,90.05948279337852,87.61439232592932,88.0327925961173,212155600
2020-06-24,87.0799331665039,89.19127232771852,86.70748456883423,88.27466483721669,192623200
2020-06-25,88.23597717285156,88.27467380594872,86.47774180640029,87.23472854623947,137522400
2020-06-26,85.52484893798828,88.35205726047579,85.37731757939976,88.13197433577965,205256800
2020-06-29,87.49591827392578,87.59024269738883,84.9565099457261,85.43295161300391,130646000
2020-06-30,88.22628784179688,88.51167454519887,87.06541854675757,87.08476317006986,140223200
2020-07-01,88.0594253540039,88.84543272516727,88.01106009800148,88.30369462192029,110737200
2020-07-02,88.0594253540039,89.59758515519175,87.94576368111557,88.96394347072363,114041600
2020-07-06,90.4150390625,90.88180477153354,89.45247963245309,89.48392110995985,118655600
2020-07-07,90.13447570800781,91.56863486785247,90.02322751685155,90.79230361416894,112424400
2020-07-08,92.23372650146484,92.26516797551552,91.02206361133545,91.10913287644715,117092000
2020-07-09,92.63036346435547,93.1769358615014,91.58557654388848,93.12372891516388,125642800
2020-07-10,92.79239654541016,92.85044518286722,91.6170168108506,92.22647214944136,90257200
2020-07-13,92.36434173583984,96.69584832868833,92.15151392052759,94.09355666430854,191649200
2020-07-14,93.89281463623047,94.08386957373939,90.81650244245171,91.74761295378508,170989200
2020-07-15,94.53853607177734,96.01139191075474,93.34380441075506,95.7622883592816,153198000
2020-07-16,93.37525177001953,94.22897636244912,92.77788590184623,93.41394840131093,110577600
2020-07-17,93.18659210205078,93.97985443699729,92.71498484222874,93.82507532269437,92186800
2020-07-20,95.15040588378906,95.28826123103211,92.9302395381322,93.27366748344572,90318000
2020-07-21,93.83718872070312,96.01382454154418,93.58808513865422,95.93885212038768,103433200
2020-07-22,94.10078430175781,94.78037765198125,93.45263242150494,93.53969429469112,89001600
2020-07-23,89.8176498413086,93.91214102009206,89.00987716210209,93.83474776947158,197004400
2020-07-24,89.59516906738281,89.93859709219083,86.23831161228436,88.02074077604965,185438800
2020-07-27,91.71858215332031,91.81048572351438,90.43195431248509,90.65445070078177,121214000
2020-07-28,90.21185302734375,91.46704652134645,90.20701133687025,91.2904945734554,103625600
2020-07-29,91.94110107421875,92.12490824489846,90.65688648684609,90.69316227563066,90329200
2020-07-30,93.0535888671875,93.15758190350233,90.71007737841838,91.11638090213245,158130000
2020-07-31,102.79524230957031,102.94518713128302,97.53745326363413,99.5302890268665,374336800
2020-08-03,105.38545989990234,107.99742015343153,104.37453517123814,104.67200403496072,308151200
2020-08-04,106.08921813964844,107.17753592025956,104.85336899973937,105.57407987592546,173071600
2020-08-05,106.47377014160156,106.79301183705664,105.34675558446708,105.81110781245884,121776800
2020-08-06,110.18852233886719,110.68189503558312,106.21737659608137,106.80506631063403,202428800
2020-08-07,107.68334197998047,110.16675794348517,106.88864916741639,109.71126193007606,198045600
2020-08-10,109.24848937988281,110.26366188327368,106.60516497027935,109.12492193624439,212403600
2020-08-11,105.99945831298828,109.01105257691337,105.74021214896973,108.5143723583924,187902400
2020-08-12,109.52225494384766,109.77907584610773,106.89346742029055,107.0872920051885,165598000
2020-08-13,111.4605484008789,112.46118443380263,110.41145251692377,110.8984466622293,210082000
2020-08-14,111.36121368408203,111.4508577562041,109.55619139980415,111.28610608884811,165565200
2020-08-17,111.07046508789062,112.50479236850128,110.44537442392807,112.48056244330753,119561600
2020-08-18,111.99597930908203,112.41997706741819,110.48896983798126,110.82332353901295,105633600
2020-08-19,112.1364974975586,113.54659462972901,112.0420104163777,112.40301184462525,145538000
2020-08-20,114.624755859375,114.73862982784186,112.16072015613818,112.17768183938361,126907200
2020-08-21,120.53167724609375,121.01382096112869,115.56968878487616,115.58180005044522,338054800
2020-08-24,121.97325897216797,124.81041520723647,120.11251616944286,124.72560677695705,345937600
2020-08-25,120.97262573242188,121.31667291273054,119.25482982936344,120.84906568793242,211495600
2020-08-26,122.61772918701172,123.07322510919757,121.22216847119705,122.28580069310276,163022400
2020-08-27,121.15190887451172,123.55052326117902,120.01074388155709,123.21859477393856,155552400
2020-08-28,120.95565795898438,122.54019279849011,120.73275303132817,122.12346328551597,187630000
2020-08-31,125.05754852294922,126.95706531989478,122.11137580386827,123.64261546547715,225702700
2020-09-01,130.0388946533203,130.63977010693876,126.50154782295441,128.6627208391991,151948100
2020-09-02,127.3447036743164,133.72163230653712,123.0805031800758,133.34366914812884,200119000
2020-09-03,117.1493911743164,124.86372826632623,116.78112142003687,122.9932991459097,257599600
2020-09-04,117.22691345214844,119.88234909092412,107.46769559812107,116.36438135713807,332607200
2020-09-08,109.33812713623047,115.3177056334054,109.20244843470786,110.4332501967872,231366600
2020-09-09,113.69924926757812,115.46307981230207,111.70282771529025,113.64110336417085,176940500
2020-09-10,109.98743438720703,116.7810916656073,109.0279901442392,116.64541298049808,182274400
2020-09-11,108.5434341430664,111.6737525060593,106.6051585333688,111.03411800577045,180860300
2020-09-14,111.79972076416016,112.35212893319483,109.31873072694243,111.17947325485572,140150100
2020-09-15,111.97418975830078,115.16265421996873,110.10375338394648,114.67808528768974,184642000
2020-09-16,108.66942596435547,112.41999215763813,108.5822071057358,111.6737592561301,154679000
2020-09-17,106.93467712402344,108.7372742902346,105.35498493812258,106.33381633124354,178011000
2020-09-18,103.54268646240234,107.45800434374442,102.81583306003789,106.99282230683487,287104900
2020-09-21,106.68270111083984,106.78930687065947,99.91811535962182,101.31367629258035,195713800
2020-09-22,108.35928344726562,109.37688098586045,105.7910744674542,109.20243590478516,183055400
2020-09-23,103.81404113769531,108.65003656547653,103.47483700123934,108.17516112594639,150718700
2020-09-24,104.88009643554688,106.8474450340975,101.75947146104525,101.92422311648544,167743300
2020-09-25,108.81478881835938,108.96985441233768,104.34706305845842,105.08360984198643,149981400
2020-09-28,111.4120864868164,111.76097670476364,109.29936567544041,111.46054633695047,137672400
2020-09-29,110.56893157958984,111.7512809163313,110.06498316084728,111.01474148847176,99382200
2020-09-30,112.23584747314453,113.64110173479544,110.11344069592683,110.27819234917513,142675200
2020-10-01,113.18558502197266,114.0868833162339,112.25521378175675,114.0093505310659,116120400
2020-10-02,109.53194427490234,111.80942388224,108.75663851817679,109.40595903034216,144712000
2020-10-05,112.90455627441406,113.04992842651572,110.04560265679896,110.39449286426901,106243800
2020-10-06,109.66765594482422,112.53630344118018,108.78573684536278,112.12925987546326,161498200
2020-10-07,111.52838897705078,111.9838849635665,110.60770355491991,111.08258643963451,96849000
2020-10-08,111.42176818847656,112.80763546534021,111.053491111729,112.66226332419956,83477200
2020-10-09,113.36003875732422,113.38911170550134,111.37330350063716,111.72219366663035,100506900
2020-10-12,120.56072998046875,121.31665619479716,115.59874235138079,116.3546685657092,240226800
2020-10-13,117.36258697509766,121.5201890553274,115.957340112208,121.40388985664498,262330500
2020-10-14,117.44981384277344,119.23302386837867,115.92826777316701,117.26567529237093,150712000
2020-10-15,116.98462677001953,117.45950223722147,114.50363628707971,115.05604455535725,112559200
2020-10-16,115.34676361083984,117.79868815619513,115.14324558497565,117.53701684155992,115393800
2020-10-19,112.40059661865234,116.703563090536,112.09047284235501,116.25776062422946,120639300
2020-10-20,113.88338470458984,115.30801845057066,112.06140091237076,112.6138091614312,124423700
2020-10-21,113.26314544677734,115.04635557719843,112.8561019222811,113.06931343655647,89946000
2020-10-22,112.17768859863281,114.39701481541562,111.05348531931205,113.825219728469,101988000
2020-10-23,111.48963165283203,112.9530320407279,110.75308473393972,112.79796641825128,82572600
2020-10-26,111.49931335449219,112.95302013932815,109.39627858637218,110.49140909640037,111850700
2020-10-27,113.00145721435547,113.66047116286873,111.00503586765389,111.92571374848922,92276800
2020-10-28,107.76811218261719,111.86756801727019,107.67119988879593,111.49929834317572,143937800
2020-10-29,111.76094818115234,113.32126031487844,108.73723619529932,108.90199520734436,146129200
2020-10-30,105.50033569335938,108.53373417860142,104.39551925367714,107.63243577844652,190272600
2020-11-02,105.41311645507812,107.26417322328109,104.00786958662283,105.74262715568275,122866900
2020-11-03,107.0315933227539,108.04918369356872,105.3743683811965,106.27566693473848,107624400
2020-11-04,111.40237426757812,112.02262179632525,108.88261775780121,110.61737510643056,138235500
2020-11-05,115.35646057128906,115.92825566569405,113.26312696012087,114.309790068738,126387100
2020-11-06,115.22541046142578,115.7205180962264,112.74013248938302,114.86620819105919,114457900
2020-11-09,112.92459106445312,118.4290806298261,112.66247568801708,116.98257616030648,154515300
2020-11-10,112.58483123779297,114.15753861862245,110.79853707591374,112.17709283585141,138023400
2020-11-11,116.00205993652344,116.13797271482636,113.0410945158488,113.76920185962483,112295000
2020-11-12,115.730224609375,117.011693129965,115.10890698767624,116.12826014557999,103162300
2020-11-13,115.77879333496094,116.17682155137521,114.42936813634326,115.95353941713333,81581900
2020-11-16,116.78842163085938,117.45827535475047,114.70117908437909,115.44869936969526,91183000
2020-11-17,115.90498352050781,117.14761890185565,115.48753500270898,116.06031664652185,74271000
2020-11-18,114.58467102050781,116.32242132257835,114.55554791373581,115.14774244040137,76322100
2020-11-19,115.17687225341797,115.58461058534773,113.4002885699786,114.1575190169027,74113000
2020-11-20,113.91482543945312,115.30308383579212,113.8662893904585,115.17688122037637,73604300
2020-11-23,110.52667999267578,114.18663661435309,110.42960050653552,113.75947798730789,127959300
2020-11-24,111.80816650390625,112.46831748552103,109.30347536130687,110.58495144916897,113874200
2020-11-25,112.64305877685547,113.34204301090116,111.80816176471099,112.17707422528561,76499200
2020-11-27,113.18672943115234,114.06045987456068,112.82753448702884,113.1673164909398,46691300
2020-11-30,115.57491302490234,117.43886611768262,113.40029367663415,113.55562680437811,169410200
2020-12-01,119.13778686523438,119.86589425816237,116.50689304092421,117.47770289816154,127728200
2020-12-02,119.4872817993164,119.76881755329892,117.36120579212971,118.45821829004096,89004200
2020-12-03,119.35136413574219,120.16684084637635,118.64266969338425,119.91442821402666,78967600
2020-12-04,118.6814956665039,119.27369022514605,117.97280126779268,119.02127760834182,78260400
2020-12-07,120.1377182006836,120.93378197653361,118.68150343461471,118.73974965511624,86712000
2020-12-08,120.74932861328125,121.33182045894168,119.4969829958177,120.73962584742733,82225500
2020-12-09,118.2252197265625,122.27349493369557,117.46798924542293,120.89494675486756,115089200
2020-12-10,119.6426010131836,120.25421594451468,116.64280220277539,116.98258416090866,81312200
2020-12-11,118.83682250976562,119.17660443365664,117.03111582087004,118.85623544540636,86939800
2020-12-14,118.2252197265625,119.74939086099992,117.99222744160214,119.021283489644,79184500
2020-12-15,124.14717864990234,124.16659899741805,120.50664119341056,120.71051040217101,157243700
2020-12-16,124.07921600341797,124.62286719942308,122.86570357898366,123.69089795295262,98208600
2020-12-17,124.94320678710938,125.79752407268884,124.30246882292478,125.13736576654637,94359800
2020-12-18,122.9627685546875,125.33154675459895,122.43853039208297,125.1956339798523,192541500
2020-12-21,124.48693084716797,124.56459740524315,119.84646139919089,121.37063241963554,121251600
2020-12-22,128.03038024902344,130.48652745671254,125.86546408305279,127.7682574980973,168904800
2020-12-23,127.13723754882812,128.5643140977905,126.96248410987832,128.30220615943512,88223700
2020-12-24,128.11778259277344,129.56429466422506,127.27318272727676,127.48676208852152,54930100
2020-12-28,132.69996643066406,133.33098674453512,129.61278420351022,130.07878347656896,124486200
2020-12-29,130.93312072753906,134.73869359094937,130.41859268818658,134.02030377703682,121047300
2020-12-30,129.81666564941406,132.020407669835,129.50599945561927,131.62237216405273,96452100
2020-12-31,128.81678771972656,130.80695128204687,127.87510078750749,130.16621309475406,99116600
2021-01-04,125.63250732421875,129.70990576661,123.05985971825433,129.62253643457043,143301900
2021-01-05,127.185791015625,127.89449286005866,124.68109986637585,125.12767890789046,97664900
2021-01-06,122.904541015625,127.22464983650838,122.69096163664166,123.99185085104371,155088000
2021-01-07,127.09842681884766,127.78770834669253,124.1277509770645,124.61315591365346,109578200
2021-01-08,128.19546508789062,128.75853667263522,126.42858375506596,128.56436281946557,105158200
2021-01-11,125.21505737304688,126.37032352989739,124.74907276649142,125.41893397094314,100384500
2021-01-12,125.04029846191406,125.90431854480057,123.1569251813032,124.74905257493837,91951100
2021-01-13,127.06932067871094,127.61297191015767,124.73938259725777,125.00149063238635,88636800
2021-01-14,125.14710998535156,127.17609915715049,125.00147960973679,126.98194013638121,90221800
2021-01-15,123.42875671386719,126.41885265934873,123.29284393513538,125.02088418474625,111598500
2021-01-19,124.0986099243164,124.95292722948219,123.23458985463955,124.0500664749991,90757300
2021-01-20,128.17599487304688,128.62257382285637,124.79758149233558,124.90437114467832,104319500
2021-01-21,132.87474060058594,135.59301116722563,129.69048544958548,129.89436203777117,120150900
2021-01-22,135.01052856445312,135.76775903778582,131.07874583699044,132.30196087543968,114459400
2021-01-25,138.74807739257812,140.85473200875484,132.5543086926997,138.89370769031203,157611700
2021-01-26,138.98114013671875,140.08786276088446,137.2433822290361,139.40829883611298,98390600
2021-01-27,137.9132537841797,140.0878733207545,136.31142335408737,139.24325862387312,140843800
2021-01-28,133.0883026123047,137.84527918740616,132.7096874093382,135.4473779641581,142621100
2021-01-29,128.1080780029297,132.7485480341253,126.40916071663973,131.86510749004256,177523800
2021-02-01,130.22442626953125,131.42823575703017,127.1081202867018,129.84581103922318,106239800
2021-02-02,131.04962158203125,132.33108282824628,130.68070911395654,131.76801136085197,83305400
2021-02-03,130.0302734375,131.80685723730443,129.70990440998943,131.79713965825755,89880900
2021-02-04,133.3795623779297,133.38926514344305,130.66129188255576,132.3213832150557,84183100
2021-02-05,132.9663543701172,133.6080499269068,132.09132576396362,133.5399993993488,75693800
2021-02-08,133.11221313476562,133.16082913582426,131.1774090425887,132.25661898979965,71297200
2021-02-09,132.23712158203125,134.0552584795755,132.08157120488215,132.83020097423812,76774200
2021-02-10,131.63436889648438,133.18999187171354,130.6718255115653,132.69412944515517,73046600
2021-02-11,131.38153076171875,132.6065733213118,130.05925624408061,132.1301604637131,64280000
2021-02-12,131.6149139404297,131.7704791984505,129.98152323777,130.62321880046613,60145100
2021-02-16,129.495361328125,132.2371278628611,129.10644827799214,131.73156315096224,80576300
2021-02-17,127.2105484008789,128.5522725131688,125.87855638741323,127.60917872924279,97918500
2021-02-18,126.11192321777344,126.39387225132121,123.87572097237708,125.61606083959396,96856700
2021-02-19,126.26750183105469,127.08421215529972,125.22719051850751,126.62724840518808,87668800
2021-02-22,122.50482940673828,126.1216398427311,122.11592370284757,124.4590677731543,103916400
2021-02-23,122.36870574951172,123.1951256816812,115.10591870921408,120.32696020598745,158273000
2021-02-24,121.87285614013672,122.07702996162088,118.83940802921852,121.47423317945595,111039900
2021-02-25,117.6338119506836,122.95207880188819,117.19629763278513,121.2214560613868,148199500
2021-02-26,117.89630889892578,121.38672049171518,117.83796822554648,119.18940971098537,164560400
2021-03-01,124.24516296386719,124.38127883253527,119.38386074641136,120.31722988203185,116307900
2021-03-02,121.64924621582031,125.1493828138184,121.54229695879663,124.84798440825688,102260900
2021-03-03,118.67414093017578,122.22289403636502,118.46024238525733,121.34785790613525,112966300
2021-03-04,116.79765319824219,120.1713983779594,115.3295451588436,118.37271790565526,178155000
2021-03-05,118.0518798828125,118.5574595470923,114.30867806869652,117.62409026429847,153766600
2021-03-08,113.13224792480469,117.6435366715147,112.98640734620537,117.57547872386968,154376600
2021-03-09,117.73101043701172,118.67410422916818,115.4948159266102,115.72815634992203,129525800
2021-03-10,116.65181732177734,118.7810627593394,116.13651302909358,118.31438187621302,111943300
2021-03-11,118.57688903808594,119.79221465640565,117.89630965893046,119.14080190524842,103026500
2021-03-12,117.67267608642578,117.80879195023273,115.85455386939371,117.06015469929451,88105100
2021-03-15,120.55056762695312,120.56029230814386,117.07959821769512,118.0421413761026,92403800
2021-03-16,122.08676147460938,123.6909929248944,121.26034146014726,122.21315268038276,115227900
2021-03-17,121.29923248291016,122.368717641283,118.94635623317845,120.60892835870807,111932600
2021-03-18,117.18655395507812,119.76304569936237,116.98238014530207,119.47136458953443,121229700
2021-03-19,116.66153717041016,118.0615946863235,116.36013878430732,116.5740372845451,185549500
2021-03-22,119.96720886230469,120.43389711306004,116.9240365136813,116.99209444423333,111912300
2021-03-23,119.14081573486328,120.7936558005327,118.75191000830584,119.9089025049303,95467100
2021-03-24,116.75875091552734,119.49080775473756,116.73930897083474,119.41302514045037,88530500
2021-03-25,117.2448959350586,118.28522184257633,115.69900522410137,116.22402681020739,98844700
2021-03-26,117.84769439697266,118.11020888610055,115.62121696029041,117.0115497729694,94071200
2021-03-29,118.0226821899414,119.1796743693097,117.38099422217321,118.27547195555081,80819200
2021-03-30,116.57403564453125,117.06016589541106,115.56288383257017,116.7782094597697,85671900
2021-03-31,118.76162719726562,120.0936193981419,117.78936665110342,118.27549692418452,118323800
2021-04-01,119.5880355834961,120.73530321344647,119.09218067605553,120.22973104227312,75089100
2021-04-05,122.40760040283203,122.6603902138714,119.65610136330406,120.433912742921,88651200
2021-04-06,122.70901489257812,123.60349290409206,122.16455130604965,122.99097136924752,80171300
2021-04-07,124.35211181640625,124.3715537614014,121.66867092380699,122.33953300139642,83466700
2021-04-08,126.7439193725586,126.77308600992187,124.95496304850582,125.37302807439445,88844600
2021-04-09,129.31063842773438,129.34952231767917,125.87856026382458,126.19940798905769,106686700
2021-04-12,127.5994644165039,129.16480430519968,127.00638495965602,128.84395658242786,91420000
2021-04-13,130.7009735107422,130.9246041100814,128.27032223067465,128.76618458654,91266500
2021-04-14,128.36753845214844,131.255153005102,128.00780685424039,131.19681975522676,87222800
2021-04-15,130.76902770996094,131.2551579244961,129.93288314753977,130.10789773924117,89347100
2021-04-16,130.4384765625,130.9343240931431,129.58288254678484,130.57459244358938,84922400
2021-04-19,131.09959411621094,131.71212294052938,129.64120345679902,129.80648595127033,94264200
2021-04-20,129.4176025390625,131.7704712922572,128.15366085563892,131.27462375202614,94812300
2021-04-21,129.79678344726562,130.03984858480732,127.65781320400242,128.68840701349623,68847100
2021-04-22,128.28004455566406,130.42873181562496,127.7647477103965,129.34952213608938,84566500
2021-04-23,130.59405517578125,131.37185181275385,128.4939686507075,128.4939686507075,78657500
2021-04-26,130.98294067382812,131.3135056957382,129.85511489088012,131.08988992627178,66905100
2021-04-27,130.66209411621094,131.65380402656527,130.38986235031265,131.26489090705445,66015800
2021-04-28,129.87460327148438,131.27466123842572,129.3884728571588,130.58434952245332,107760100
2021-04-29,129.77732849121094,133.26775499092827,128.77590135452442,132.6843927517533,151101000
2021-04-30,127.81336975097656,129.8551078660134,127.43418875564703,128.12448539137938,109839500
2021-05-03,128.8634033203125,130.35097557067442,128.1731066561789,128.37727305832388,75135100
2021-05-04,124.30351257324219,127.84254787757098,123.18541143255057,127.55086673903944,137564700
2021-05-05,124.54658508300781,126.83138852361431,124.42018646140798,125.61606280982821,84000900
2021-05-06,126.14110565185547,126.150822917844,123.60349727215355,124.342417464098,78128300
2021-05-07,126.81309509277344,127.83569086092047,126.1021285936208,127.43639821291805,78973300
2021-05-10,123.54071807861328,126.16053593199283,123.50176071253134,126.03393749535272,88071200
2021-05-11,122.6252670288086,122.97586852300613,119.56717642454035,120.2781354744355,126142800
2021-05-12,119.5671615600586,121.38837950118456,119.06073063774643,120.18073081693389,112172300
2021-05-13,121.70978546142578,122.85900193405529,121.01830882379365,121.32996037075966,105861300
2021-05-14,124.12506866455078,124.55359227820217,122.56681111085221,122.95637735686638,81918000
2021-05-17,122.9758529663086,123.61863839013512,121.90455135695586,123.51150748616402,74244600
2021-05-18,121.5929183959961,123.6770895961018,121.52474484946401,123.25830711587349,63342900
2021-05-19,121.43708801269531,121.66108360866002,119.65482729355216,119.94700386173781,92612000
2021-05-20,123.98873138427734,124.38803886132331,121.83638680726905,121.96300011967811,76857100
2021-05-21,122.15777587890625,124.66072928690556,121.94351406158702,124.48542483913151,79295400
2021-05-24,123.78421783447266,124.60230780549196,122.65448374065255,122.72265728570756,63092900
2021-05-25,123.58943176269531,124.9723924215316,123.02456103094238,124.48542900111524,72009500
2021-05-26,123.54071807861328,124.06663137518274,123.12193568117969,123.64784897774915,56575900
2021-05-27,122.01168823242188,124.31012103497811,121.816908814046,123.14142966400581,94625600
2021-05-28,121.35918426513672,122.5181420121491,121.30075191834936,122.29413896553177,71311100
2021-06-01,121.03778076171875,122.07986629236983,120.70665425214682,121.8169133247897,67637100
2021-06-02,121.79743957519531,121.97274404282008,120.81379374664016,121.0377893589411,59278900
2021-06-03,120.31710052490234,121.5929229854548,119.91779300131472,121.4273597133934,76229200
2021-06-04,122.60577392578125,122.86873431142617,120.61899267015994,120.83325448650514,75169300
2021-06-07,122.61549377441406,123.02453493601399,121.57340847394346,122.87844668391197,71057600
2021-06-08,123.43360137939453,125.10873859219605,122.91742922255409,123.29725429760116,74403800
2021-06-09,123.81341552734375,124.41724357225148,123.2193286818069,123.89133026159469,56877900
2021-06-10,122.82003021240234,124.84576874618693,122.654466972811,123.70628617695928,71186400
2021-06-11,124.02769470214844,124.11535064804697,122.81030467281765,123.2290871401218,53522400
2021-06-14,127.07601165771484,127.13444398991092,123.75497617492034,124.48541004880167,96906500
2021-06-15,126.25794982910156,127.19291187851302,126.01447183152456,126.5501263983375,62746300
2021-06-16,126.75462341308594,127.47532354376922,125.10872484257997,126.96888521245891,91815000
2021-06-17,128.35182189941406,129.09200433395995,126.26765136661298,126.41374704429569,96721700
2021-06-18,127.05657958984375,128.07917541017278,126.8423177381681,127.3000576157734,108953300
2021-06-21,128.8485565185547,128.95568742961305,125.8391720998025,126.90073257983343,79663300
2021-06-22,130.48471069335938,130.5821078265205,128.18627804148716,128.68298261560656,74783600
2021-06-23,130.21202087402344,130.81585637036997,129.75428108226635,130.28020184164183,60214200
2021-06-24,129.9296112060547,131.12751887622477,129.46212271856308,130.94247320751583,68711000
2021-06-25,129.63742065429688,130.39707078875628,129.3452440962624,129.97829578212327,70783700
2021-06-28,131.2638702392578,131.72161011019884,129.87118308436172,129.929615432019,62111300
2021-06-29,132.77342224121094,132.92925172484664,130.84508067855094,131.28333809814853,64556100
2021-06-30,133.38697814941406,133.82523552499876,132.32540290188453,132.61757943917965,63261400
2021-07-01,133.6888885498047,133.74732088516166,132.21827209331306,133.03636937045857,52485800
2021-07-02,136.30870056152344,136.34765049437885,134.15634896857634,134.30242979267734,78852600
2021-07-06,138.31500244140625,139.4155130237445,136.415876793308,136.415876793308,108181800
2021-07-07,140.7984619140625,141.11010601971827,138.93828646790567,139.7953189039971,104911600
2021-07-08,139.5030975341797,140.3016972876986,137.0001376859189,137.88640077418555,105575500
2021-07-09,141.32435607910156,141.8502619651795,138.92852627188464,139.02592340594762,99890800
2021-07-12,140.73025512695312,142.50278173643568,140.24329922685985,142.39565084398657,76299700
2021-07-13,141.84051513671875,143.61304176059716,139.8829577523025,140.2725165312551,100827100
2021-07-14,145.2589569091797,145.66801299296932,143.8273051980656,144.23636128185524,127050800
2021-07-15,144.6064453125,146.08679566961968,143.25270826705687,145.3466279214185,106820300
2021-07-16,142.57095336914062,145.85303150774294,142.07426368162248,144.5869580069263,93251400
2021-07-19,138.73374938964844,140.31149679803218,137.97409928442224,139.99983785193092,121434600
2021-07-20,142.33726501464844,143.26249351226394,139.2304975157246,139.71745362574492,96350000
2021-07-21,141.60682678222656,142.31779338215424,140.85692509405402,141.73344012262586,74993500
2021-07-22,142.97024536132812,144.33371584309756,142.0060673959038,142.13268067660871,77338200
2021-07-23,144.684326171875,144.84015561733656,143.08711150767857,143.70068066123733,71447400
2021-07-26,145.10313415527344,145.92121655552194,143.8467795270844,144.4019164234274,72434100
2021-07-27,142.9410400390625,145.31738722526956,141.75286644595897,145.22972386851797,104818600
2021-07-28,141.19772338867188,143.13581314895694,138.82137630671426,141.03216017207177,118931200
2021-07-29,141.84051513671875,142.72677844865797,140.80817099785102,140.91530189117023,56699500
2021-07-30,142.0548095703125,142.51254941417247,140.35046351445212,140.61342392407167,70440600
2021-08-02,141.72366333007812,143.11635020883497,141.4607029570404,142.5417457565108,62880000
2021-08-03,143.51565551757812,144.17790846415585,141.39251988736964,142.00608912842299,64786600
2021-08-04,143.11636352539062,143.9344460279435,142.4638442773508,143.42802249439222,56368300
2021-08-05,143.2235107421875,143.98316098970645,142.35672956946877,143.14559599106772,46397700
2021-08-06,142.54071044921875,143.4868214640887,142.04327662115523,142.74554489782116,54126800
2021-08-09,142.491943359375,143.08692025442784,141.9359896381178,142.59923476284288,48908700
2021-08-10,142.0140380859375,144.0720717018618,141.72142377939727,142.83334623786462,69023100
2021-08-11,142.2676239013672,143.10644361120174,141.94574966449076,142.45294678468827,48493500
2021-08-12,145.2229766845703,145.37903960476112,142.24809238146725,142.5894781590122,72282600
2021-08-13,145.4278106689453,145.75943321107025,144.6182510163609,145.3010076863179,59375000
2021-08-16,147.39808654785156,147.46636967362969,142.86261655746753,144.88162714158625,103296000
2021-08-17,146.49099731445312,147.94429082183916,145.4180830822368,146.53000561245062,92229700
2021-08-18,142.75531005859375,147.0079285089272,142.55047558587256,146.11058891263426,86326000
2021-08-19,143.08694458007812,144.35493005036025,140.94113102889904,141.45807654722455,86960300
2021-08-20,144.540283203125,144.84264594132074,143.16500602328074,143.80875468826986,60549600
2021-08-23,146.02281188964844,146.49098584387335,144.24762936861552,144.65728343893502,60131800
2021-08-24,145.93504333496094,147.14450905669656,145.47661765156835,145.76923200651873,48606400
2021-08-25,144.70603942871094,146.61777310120064,144.15983406027962,146.12032437546637,58991300
2021-08-26,143.90626525878906,145.4473535938561,143.87700531241939,144.69632845972228,48597200
2021-08-27,144.94015502929688,145.08645474475415,143.21374397198983,143.84772924961433,55802400
2021-08-30,149.34878540039062,149.7096827488744,144.94986805949804,145.3302621099701,90956700
2021-08-31,148.09059143066406,149.03670255975587,147.56388271808643,148.90015120519527,86453100
2021-09-01,148.7538604736328,151.16302859498964,148.58804915099893,149.06598641010868,80313700
2021-09-02,149.86578369140625,150.9094380524186,148.64656965264444,150.08036655286702,71115500
2021-09-03,150.49977111816406,150.82164538297303,149.3195654805312,149.97306236375573,57808700
2021-09-07,152.83090209960938,153.38685589495006,150.58754556278473,151.15326259436534,82278300
2021-09-08,151.28981018066406,153.17226923823645,150.18763608775444,153.11374935418493,74420200
2021-09-09,150.2754364013672,152.26518694823613,150.15838174591684,151.66046161317462,57305700
2021-09-10,145.30104064941406,151.65070144497142,145.03768627305047,151.1825274626448,140893200
2021-09-13,145.86676025390625,147.6906995642944,145.08646034770857,146.92016289482572,102404300
2021-09-14,144.4720001220703,147.34935752136766,143.29180911877296,146.64708895618836,109296300
2021-09-15,145.3595733642578,145.7594791408811,142.76508231790012,144.90114769505237,83281300
2021-09-16,145.12547302246094,145.30104757606733,143.59414799108714,144.78410203525485,68034100
2021-09-17,142.4626922607422,145.15472586644688,142.17007797103764,145.15472586644688,129868800
2021-09-20,139.41952514648438,141.2727239872893,137.7906574556132,140.25834475382314,123478900
2021-09-21,139.89743041992188,141.03862738328533,139.26344533625567,140.385115832889,75834000
2021-09-22,142.2578887939453,142.82359096635926,140.16083188261564,140.89236024826914,76404300
2021-09-23,143.21376037597656,143.45760318499043,142.05306622379317,143.03818581433492,64838200
2021-09-24,143.30154418945312,143.83800136075783,141.97503867631073,142.07258175581498,53477900
2021-09-27,141.7897186279297,142.36519899589,140.27790504587242,141.88726170941032,74150700
2021-09-28,138.4149169921875,141.18496735666514,138.2003341585889,139.7219107001194,108972300
2021-09-29,139.31224060058594,140.89233684538155,138.53194083023718,138.961106448078,74602000
2021-09-30,138.01498413085938,140.82405712165914,137.80040133945224,140.1217888739592,89056700
2021-10-01,139.13670349121094,139.40005789714257,135.68389579904266,138.40517505038864,94639600
2021-10-04,135.71315002441406,138.70754679310303,134.8645818313905,138.26861784072736,98322000
2021-10-05,137.63462829589844,138.73680249578317,135.92772872481194,136.0545317412187,80861100
2021-10-06,138.502685546875,138.6489852474294,134.96208396365105,136.03499804431914,83221100
2021-10-07,139.76095581054688,140.66805891569803,139.20500187376496,139.5366245646865,61732700
2021-10-08,139.3805389404297,140.62901288949595,139.04891630336158,140.48271316225515,58773200
2021-10-11,139.29275512695312,141.2434974770439,138.31738395190774,138.76606124094116,64452200
2021-10-12,138.02479553222656,139.7219470532615,137.56636980326286,139.7024354588627,73035900
2021-10-13,137.43954467773438,137.91746698955632,135.77165355544514,137.76141892529833,78762700
2021-10-14,140.21929931640625,140.33635393155046,138.02471504041065,138.60994346720034,69907100
2021-10-15,141.2727508544922,141.3312707409973,139.97550546602724,140.22911148485912,67940300
2021-10-18,142.94061279296875,143.22346381420707,139.63410593501254,139.91695695625089,85589200
2021-10-19,145.09619140625,145.4960971069184,142.94062972963636,143.38929207620686,76378900
2021-10-20,145.58387756347656,146.06181473584434,144.4719551618084,145.03767215675973,58418800
2021-10-21,145.79847717285156,145.95454013073487,144.2281290062348,145.14498028007083,61421000
2021-10-22,145.02793884277344,146.481232332848,144.97916730862042,146.0033099939033,58883400
2021-10-25,144.97915649414062,145.69117321411855,143.98427382696465,145.0181647887637,50720600
2021-10-26,145.6424102783203,147.12496353769075,145.34003275537546,145.6521586308098,60893400
2021-10-27,145.18402099609375,146.0423376021523,144.83288673993832,145.68145499107032,56094900
2021-10-28,148.8123779296875,149.39759166799496,146.03256430303534,146.1301073675776,100077900
2021-10-29,146.11061096191406,146.24716233667445,142.8041031388741,143.59415144162946,124953200
2021-11-01,145.29127502441406,146.0130400607468,144.15984105888933,145.32053496464482,74588300
2021-11-02,146.32518005371094,147.8370082711022,144.98891149464504,144.9986747309846,69122000
2021-11-03,147.7589569091797,148.22713081802038,146.13008913879244,146.686042864982,54511500
2021-11-04,147.2420196533203,148.67580139860405,146.92989377476803,147.84674493928904,60394600
2021-11-05,147.76950073242188,148.66815006608644,146.57781000839395,148.36534609443586,65463900
2021-11-08,146.94898986816406,148.0527725947036,146.67548855791236,147.8964818732159,55020900
2021-11-09,147.3104248046875,147.9160328251653,146.57782868777164,146.71457936674102,56787900
2021-11-10,144.4874725341797,146.64619541359409,144.41910465453822,146.53874739869644,65187100
2021-11-11,144.4386444091797,145.96244193460964,144.25305100972494,145.50336208425588,41000000
2021-11-12,146.50942993164062,146.90990439693277,144.05766590459464,144.9856178095641,63804000
2021-11-15,146.51918029785156,148.35555879375588,145.96240025846288,146.88058950641502,59222800
2021-11-16,147.49598693847656,147.97462166575806,145.87450429964008,146.46058703081326,59256200
2021-11-17,149.92822265625,151.40317727562876,147.48623592599793,147.49599850722544,88807000
2021-11-18,154.20652770996094,154.98796621369542,149.4983864355678,150.14307431900122,137827700
2021-11-19,156.8243865966797,157.28348128204507,152.89766786630707,153.9916731226482,117305600
2021-11-22,157.2834930419922,161.85488526610547,157.26395297389544,157.92816624213555,117467900
2021-11-23,157.66441345214844,158.0453627342285,155.36894027506222,157.3811346832133,96041900
2021-11-24,158.18214416503906,158.37750013405517,155.9355132595911,157.01975602804134,69463600
2021-11-26,153.17115783691406,156.72668956141257,152.73160325073675,155.86712045424656,76959800
2021-11-29,156.5216064453125,157.44955853817083,155.10524204048522,155.67178482147494,88748200
2021-11-30,161.46417236328125,161.67906839694083,156.2090119296681,156.2773947152438,174048100
2021-12-01,160.9464569091797,166.34813007275002,160.71202083002768,163.59356203535145,152052500
2021-12-02,159.95986938476562,160.38966136948252,154.13818224096923,155.05637149837315,136739200
2021-12-03,158.08444213867188,161.13205157338396,156.01364225594332,160.21386222018816,118023100
2021-12-06,161.48370361328125,163.98429560873123,160.4678287996897,160.47759138079394,107497000
2021-12-07,167.20767211914062,167.59839885439817,164.43357936996645,165.15641265166715,120405400
2021-12-08,171.0172119140625,171.87679598965886,166.7388465074218,168.13567063026588,116998900
2021-12-09,170.50930786132812,172.64849098301357,169.88415974900647,170.85119202317716,108923700
2021-12-10,175.28575134277344,175.46158208445866,170.6362153845262,171.14415264365056,115402700
2021-12-13,171.6619110107422,177.90362873179458,171.45677755961725,176.91705651666257,153237000
2021-12-14,170.28465270996094,173.61552681793418,168.2138523400571,171.1833022083099,139380400
2021-12-15,175.1392822265625,175.33463817394934,168.31148231582245,171.0465102933484,131063300
2021-12-16,168.2626495361328,176.93659123544322,166.78769490587976,175.11975249855263,150185800
2021-12-17,167.1686553955078,169.44458898529163,165.75230596796482,165.98672717242667,195432700
2021-12-20,165.8108673095703,166.6216085377041,163.57401445003114,164.37497819410103,107499100
2021-12-21,168.97572326660156,169.18084181030284,165.1955175809284,167.57889907243998,91185900
2021-12-22,171.56422424316406,171.7791202742142,168.15520530032774,169.02455200604697,92135300
2021-12-23,172.1894073486328,172.74618760743286,171.20284984487884,171.76939268718658,68356600
2021-12-27,176.14535522460938,176.2332631531054,172.9610104976855,172.9805356564393,74919600
2021-12-28,175.12953186035156,177.1222015844957,174.38717318344425,175.97935346537145,79144300
2021-12-29,175.21739196777344,176.43838502161353,174.00616149267194,175.16854926467977,62348900
2021-12-30,174.06475830078125,176.37977115336017,173.95731032108603,175.30529135640796,59773000
2021-12-31,173.4493865966797,175.07085395286333,173.14656781651271,173.9573089469543,64062300
2022-01-03,177.786376953125,178.63619837680892,173.5861721636794,173.70338274431063,104487900
2022-01-04,175.53001403808594,178.69483440178558,174.9634712930882,178.3920304132724,99310400
2022-01-05,170.86093139648438,175.9891036993743,170.58743006603996,175.44210103848545,94537600
2022-01-06,168.00868225097656,171.23210762394186,167.65703557565845,168.69243553501073,96904000
2022-01-07,168.17474365234375,170.0990304259398,167.06119827767387,168.878037036841,86709100
2022-01-10,168.19427490234375,168.4970788622131,164.2675561955421,165.1564429133354,106765600
2022-01-11,171.0172119140625,171.1148824378415,166.85607200254188,168.32126400156088,76138300
2022-01-12,171.4567413330078,173.06844633316717,170.76322556870227,172.03304652412405,74805200
2022-01-13,168.19427490234375,172.52146809219963,167.80354809549323,171.70096415486904,84505800
2022-01-14,169.0538787841797,169.7473947274692,167.11981439919933,167.36401309283474,80440800
2022-01-18,165.8597412109375,168.53614912039677,165.47879187832885,167.53005178287384,90956700
2022-01-19,162.37257385253906,167.1100339648471,162.08930995625335,166.05509393247632,94815000
2022-01-20,160.69248962402344,165.74251639966073,160.3701455866801,163.10517370877471,91420500
2022-01-21,158.64125061035156,162.47028452383861,158.5338025837486,160.60460283678086,122848900
2022-01-24,157.86953735351562,158.53376542721094,151.11012055841888,156.30667494751387,162294600
2022-01-25,156.072265625,158.98310983768695,153.3763174519784,155.29082683573563,115798400
2022-01-26,155.9843292236328,160.575260779249,154.15772812433738,159.70591419723806,108275300
2022-01-27,155.52525329589844,160.0380400395087,154.6070638933257,158.68029600296296,121954600
2022-01-28,166.37745666503906,166.3969967339565,159.02219316405643,161.86466955096992,179935700
2022-01-31,170.72418212890625,170.93907816240107,165.57646971606974,166.2113952349244,115541600
2022-02-01,170.55810546875,170.78276405312576,168.31147491088436,169.97202274767105,86213900
2022-02-02,171.75958251953125,171.79866265554188,169.30783310188434,170.69487983616585,84914300
2022-02-03,168.8878173828125,172.1503233892282,168.1259186202505,170.43115497753465,89418100
2022-02-04,168.6041717529297,170.27662529840396,166.93171820745542,167.90975737649003,82465400
2022-02-07,167.89022827148438,170.12993168140494,167.19581380846196,169.06387243592252,77251200
2022-02-08,170.99058532714844,171.49916986063508,167.66524328351184,167.95865801143464,74829200
2022-02-09,172.4087677001953,172.7706374679008,171.05906868207904,172.18382283840776,71285000
2022-02-10,168.34007263183594,171.62628436106874,167.78259814649985,170.31571564595043,90865900
2022-02-11,164.93649291992188,169.27898837706067,164.34966356269592,168.54545914237346,98670700
2022-02-14,165.17124938964844,165.85587378073802,162.90219149496014,163.69440078491326,86185500
2022-02-15,168.99537658691406,169.1518664311418,166.5111637354937,167.2153531108256,62527400
2022-02-16,168.7606201171875,169.53326430436957,166.315522795651,168.07599585189521,61177400
2022-02-17,165.17124938964844,168.13470669398032,164.77024977354867,167.274027503072,69589300
2022-02-18,163.62594604492188,166.7947832093295,162.54032203615824,166.09060878011084,82772700
2022-02-22,160.71142578125,163.0293741588099,158.58906735628025,161.3569203806229,91162800
2022-02-23,156.55474853515625,162.50121399005073,156.24176881453315,161.90460945584556,90009200
2022-02-24,159.1660919189453,159.27367681919955,148.66194638721413,149.22921086821898,141147500
2022-02-25,161.22976684570312,161.4938266826065,157.3371601146723,160.24193771015948,91974200
2022-02-28,161.4938201904297,161.78723492110947,158.86289248069977,159.479061922758,95056600
2022-03-01,159.615966796875,162.94130845487337,158.4129829679633,161.08302534266187,83474400
2022-03-02,162.90219116210938,163.6846254319098,159.37146939131958,160.7798480922219,79724800
2022-03-03,162.57943725585938,165.20058983386846,161.91437782369874,164.77025023720336,76678400
2022-03-04,159.586669921875,161.91440821879274,158.54017563689038,160.8776889542246,83737200
2022-03-07,155.80162048339844,161.39600492959968,155.54732078440395,159.7724565579089,96418800
2022-03-08,153.9824981689453,159.30303394754864,152.3785144348394,155.33219707675556,131148300
2022-03-09,159.3714599609375,159.82136448965088,155.9092082958325,157.93374136581392,91454900
2022-03-10,155.03875732421875,156.86768560681452,152.55452973284972,156.68185579600046,105342000
2022-03-11,151.3319854736328,155.78206635482195,151.1070406596988,155.43974670100266,96970100
2022-03-14,147.31222534179688,150.73536174739257,146.80365582087973,148.12399948025242,108732100
2022-03-15,151.68411254882812,152.15358216127328,147.07755576988814,147.58612546449382,92964300
2022-03-16,156.0852813720703,156.48628104894496,151.06795013405093,153.60106822684398,102300200
2022-03-17,157.09263610839844,157.4642957434988,154.16830873861088,155.12678288189394,75615400
2022-03-18,160.37887573242188,160.8678953686917,156.25154880840884,156.9850782628136,123511700
2022-03-21,161.74815368652344,162.69685305700403,159.43019026159942,159.91920994025145,95811400
2022-03-22,165.11257934570312,165.6993938917205,161.28844262082922,161.87525716684658,81532000
2022-03-23,166.4720458984375,168.84867380689857,163.9682532045546,164.30079784879288,98062700
2022-03-24,170.24728393554688,170.31573891650316,166.4720521767643,167.30337650948087,90131400
2022-03-25,170.88299560546875,171.43069512284325,168.95625735233114,170.061446329407,80546200
2022-03-28,171.7436981201172,171.87083307439428,168.22275085370143,168.38901573521346,90371900
2022-03-29,175.0299072265625,175.07879724912362,172.46743429498167,172.80975399507543,100589400
2022-03-30,173.8660125732422,175.66560091058673,172.8195035873902,174.628881866762,92633200
2022-03-31,170.77542114257812,174.1203133341303,170.5700263491638,173.93448350287292,103049300
2022-04-01,170.48199462890625,171.0394840841696,168.16404671715162,170.20814487239906,78751300
2022-04-04,174.5213165283203,174.57022147286082,170.60915974417932,170.73630961524591,76468400
2022-04-05,171.21551513671875,174.38436705774205,170.589570736433,173.6019328264619,73401800
2022-04-06,168.05648803710938,169.8169616919483,166.393824277865,168.57484765163213,89058800
2022-04-07,168.35968017578125,169.5528892849942,166.11997680279987,167.40120586506256,77594700
2022-04-08,166.35464477539062,168.00753302198206,165.48419068930104,168.00753302198206,76575500
2022-04-11,162.1099853515625,165.31795249524248,161.8654755697351,165.00498773482366,72246700
2022-04-12,163.97805786132812,166.13951616252308,162.98045368647982,164.3301525745867,79265200
2022-04-13,166.6578826904297,167.28382721520924,163.10761035124472,163.71398991233582,70618900
2022-04-14,161.66009521484375,167.50878046321276,161.4155854111937,166.87304601950618,75329400
2022-04-18,161.4449005126953,162.94129894819648,159.97784205250275,160.3201467390001,69023900
2022-04-19,163.72372436523438,164.13451388243473,160.31037777023087,161.39600166868107,67723800
2022-04-20,163.5574951171875,165.17126878968486,162.45232094308298,165.05389393478876,67929800
2022-04-21,162.7652587890625,167.7630389892028,162.26646424033356,165.200581424204,87227800
2022-04-22,158.23696899414062,164.18344962427105,157.95334416856102,162.8044255775631,84882400
2022-04-25,159.30300903320312,159.58663379803306,154.9800781201004,157.58165071304833,96046400
2022-04-26,153.3565216064453,158.7748512209157,153.2782766938566,158.6868312906376,95623200
2022-04-27,153.13160705566406,156.2808795981602,151.967738002025,152.48609759207858,88063200
2022-04-28,160.0463409423828,160.90702025080918,155.4397695467575,155.7527492675287,130216800
2022-04-29,154.18783569335938,162.5500717654253,153.79662607980254,158.28582131341926,131747600
2022-05-02,154.4910888671875,154.75514872367953,149.9040823265059,153.26853978592672,123055300
2022-05-03,155.97767639160156,157.18067526746918,152.88708408047324,154.67688255687574,88966500
2022-05-04,162.3740692138672,162.82395888042848,155.76251479077115,156.1635144371754,108256500
2022-05-05,153.3272247314453,160.47668960295778,151.5471860479713,160.25174474333807,130525300
2022-05-06,154.05198669433594,156.16765847712838,151.01560506464577,152.80804796848787,116124600
2022-05-09,148.93910217285156,152.63173048104144,148.3808086845327,151.75019320834667,131577900
2022-05-10,151.33883666992188,153.52307898712107,149.7912627423493,152.32811702969943,115366700
2022-05-11,143.4932861328125,152.25959652859348,142.8174450559726,150.34962062380012,142689800
2022-05-12,139.6341094970703,143.19940187956024,135.95128476595931,139.83980605277625,182602000
2022-05-13,144.0907440185547,145.0604308345469,140.17283922837782,141.62245981596948,113990900
2022-05-16,142.5529327392578,144.49230601105745,141.22084476017127,142.56273706460962,86643800
2022-05-17,146.17701721191406,146.69613834453236,143.66954586445135,145.80481151470883,78336300
2022-05-18,137.92982482910156,144.33559163369299,137.02869370903522,143.8360642275501,109742900
2022-05-19,134.53103637695312,138.7525756020971,133.79642936713128,137.00910949443605,136095600
2022-05-20,134.76611328125,137.81228455615957,129.88832647827988,136.2353274341848,137426100
2022-05-23,140.17283630371094,140.31975175202894,134.82488980062982,134.96201586760006,117726300
2022-05-24,137.479248046875,139.0562049598391,134.51143704695141,137.92000924521287,104132700
2022-05-25,137.63600158691406,138.87992561613757,135.50073567160547,135.5888849437953,92482700
2022-05-26,140.8291015625,141.37760590054086,134.32537951243148,134.5702485880299,90601500
2022-05-27,146.56881713867188,146.6079896103765,142.27870662441157,142.4060433122878,90978500
2022-05-31,145.7852020263672,147.5678554930359,143.8262500562877,146.01049226377089,103718400
2022-06-01,145.65789794921875,148.62570934761555,144.649023812494,146.82346195823692,74286600
2022-06-02,148.10662841796875,148.16539460884292,143.8459002321125,144.79599350624025,72348100
2022-06-03,142.396240234375,144.93307974702813,141.49512401563555,143.88503314588232,88570300
2022-06-06,143.14064025878906,145.52077501341512,141.92608448379778,144.01237341190438,71598400
2022-06-07,145.65789794921875,145.94193944320352,141.1425125135875,141.3873815394989,67808200
2022-06-08,144.9232940673828,146.79408210793065,144.4335560047601,145.5305644824367,53950200
2022-06-09,139.7124786376953,144.91349464755012,139.60473566244548,144.06135517233236,69473000
2022-06-10,134.3155517578125,137.8710395567264,134.24698126233585,137.40089525066517,91437900
2022-06-13,129.17333984375,132.4251934035628,128.7423678783914,130.14301182018457,122207100
2022-06-14,130.0352325439453,131.14204524198857,128.7815044194442,130.39764883857168,84784300
2022-06-15,132.65045166015625,134.52125474775525,129.4475753177957,131.5338494146611,91533000
2022-06-16,127.39066314697266,129.6728443246095,126.39159330904647,129.36920911544067,108123900
2022-06-17,128.85989379882812,130.34870189215334,127.14581035148301,127.40048374314352,134520300
2022-06-21,133.0814208984375,134.24699991857628,130.58376865027734,130.68170729877417,81000500
2022-06-22,132.5720977783203,134.93262385029735,131.16164978530637,132.0235786011109,73409200
2022-06-23,135.4321746826172,135.74559928638683,132.84635818263115,134.0119372202921,72433800
2022-06-24,138.75259399414062,138.99746302987265,136.90138468183136,137.0287064173905,89116800
2022-06-27,138.75259399414062,140.5450371291734,138.0767530642211,139.7712426067131,70207900
2022-06-28,134.6191864013672,140.47644880841756,134.50165406172098,139.212931320367,67083400
2022-06-29,136.3724822998047,137.78293057588337,133.86502534038587,134.63881999394516,66242400
2022-06-30,133.9139862060547,135.53011594509118,131.0245344279122,134.43310739232075,98964500
2022-07-01,136.07859802246094,136.18634098386156,132.87572215700436,133.2479128863371,71051600
2022-07-05,138.65464782714844,138.70362462604172,134.11966825992553,134.94243962271915,73353800
2022-07-06,139.98672485351562,141.16209320483665,138.18449238511542,138.44895512148898,74064300
2022-07-07,143.34634399414062,143.5422362397496,140.3393449670909,140.34913434840425,66253700
2022-07-08,144.0221405029297,144.52168281438622,142.02401609395528,142.27867446652914,64547800
2022-07-11,141.89671325683594,143.63039032716094,140.8290877786715,142.68029721118097,63141600
2022-07-12,142.86639404296875,145.40323372369386,142.07302074051665,142.76844044820817,77588800
2022-07-13,142.50396728515625,143.4442558667998,139.20312303306522,140.05527730810053,71185600
2022-07-14,145.42286682128906,145.89301132311968,140.30999865880517,141.1229658895353,78140700
2022-07-15,147.08790588378906,147.76374670018814,145.15833701067942,146.70591085003534,76259900
2022-07-18,144.05152893066406,148.4591705156607,143.6891126817675,147.6462037187318,81420900
2022-07-19,147.90087890625,148.1261542059037,143.89482557447934,144.88409097349603,82982400
2022-07-20,149.89903259277344,150.56508418725386,147.28383290571463,148.01844006316782,64823400
2022-07-21,152.16165161132812,152.37713759641647,148.82163378808133,151.32909076479385,65086600
2022-07-22,150.92750549316406,153.07256106692492,150.2614687565271,152.20082772301902,66675400
2022-07-25,149.81085205078125,151.85795331530994,149.15460492057616,150.84909422530328,53623900
2022-07-26,148.4885711669922,149.9479808770686,147.70498735893062,149.1350139839463,55138700
2022-07-27,153.57205200195312,154.1009774684585,149.03708779660727,149.44846596743406,78620700
2022-07-28,154.12057495117188,154.40461645264705,151.24091273921562,153.7581586202447,81378700
2022-07-29,159.17466735839844,160.27169083424704,156.22644946059978,157.93074338059327,101786900
2022-08-01,158.19522094726562,160.23253356212356,157.5879503888758,157.70548276904853,67829400
2022-08-02,156.7259521484375,159.07670355733856,156.35376142488207,156.81411634866453,59907000
2022-08-03,162.72036743164062,163.1709180629882,157.45078129075776,157.53893055181024,82507500
2022-08-04,162.4069061279297,163.75858773192834,161.05522452393103,162.6027983303137,55474100
2022-08-05,162.1813201904297,162.67173843719075,159.8763484441019,160.0823306929475,56697000
2022-08-08,161.7104949951172,164.5941564506096,161.0533363928563,163.1817496180112,60276900
2022-08-09,161.7595977783203,162.64235984823435,160.12160217379457,160.87685067478762,63135500
2022-08-10,165.9967498779297,166.09482453346865,163.70158143596706,164.46663259449625,70170500
2022-08-11,165.2611541748047,167.713245527213,164.96690021924013,166.80105976160058,57149200
2022-08-12,168.802001953125,168.87065273956517,166.1537308916434,166.56569547580565,68039400
2022-08-15,169.87109375,170.0672580774187,168.06635799154176,168.2330984181666,54091700
2022-08-16,169.7141571044922,170.38113378052608,168.37041574061854,169.4689479524639,56377100
2022-08-17,171.20504760742188,172.7743773350279,169.26299514755854,169.45915949271176,79542000
2022-08-18,170.8126983642578,171.54832585930868,169.80243780169835,170.42036968678258,62290100
2022-08-19,168.2330780029297,170.41053619571213,168.02709575598993,169.7141357065489,70346300
2022-08-22,164.35877990722656,166.60488891273792,163.93701242863682,166.43814850327874,69026800
2022-08-23,164.0253143310547,165.47696339789675,163.4564272588674,163.87819481513557,54147100
2022-08-24,164.31956481933594,164.88845187937156,163.06409508904346,164.11359750144874,53841500
2022-08-25,166.7716827392578,166.8795753877456,165.12388407113372,165.54563671843377,51218200
2022-08-26,160.48446655273438,167.77208967610682,160.42561875617696,167.30129233726979,78961000
2022-08-29,158.28746032714844,159.77832160747866,156.75735719048248,158.0618570691757,73314000
2022-08-30,155.86477661132812,159.4448248788866,154.69757844618866,159.02307224651202,77906200
2022-08-31,154.2071533203125,157.50276536238007,154.1286845852179,157.23793525223348,87991100
2022-09-01,154.9329833984375,155.38415993328115,151.70602203096658,153.6382716729597,74229900
2022-09-02,152.8241729736328,157.2869832188541,152.00027368828214,156.6886721974106,76957800
2022-09-06,151.5686798095703,154.07961913097643,150.74478065092995,153.47150522336744,73714800
2022-09-07,152.9713134765625,153.6676992214009,150.66634101658914,151.85316012640948,87449600
2022-09-08,151.5,153.3635832112232,149.75409740354615,151.67654337171805,84923800
2022-09-09,154.35427856445312,154.79566708651402,151.7844910019974,152.49069467763707,68028800
2022-09-12,160.29811096191406,161.11220709833708,156.24726616785827,156.53170218353472,104956000
2022-09-13,150.89193725585938,157.4635411507797,150.430942739526,156.83580616608484,122656600
2022-09-14,152.333740234375,154.08944624806267,150.66632089509483,151.82370097735972,87965400
2022-09-15,149.45008850097656,152.2651001071562,148.4790697119515,151.68639505914092,90481100
2022-09-16,147.81210327148438,148.44965617349064,145.52675172371437,148.312339619677,162278800
2022-09-19,151.51966857910156,151.59813732109004,146.24277663621996,146.4487439883553,81474200
2022-09-20,153.8932647705078,155.05065980282333,150.14647654096675,150.4603364872082,107689800
2022-09-21,150.7742156982422,155.69802002410492,150.6565200858437,154.32483969180942,101696800
2022-09-22,149.81300354003906,151.50984684718208,148.0180705759549,149.4599017279835,86652500
2022-09-23,147.54721069335938,148.56728891825972,145.71305143666189,148.2926559268732,96029900
2022-09-26,147.88075256347656,150.82326264584486,146.77240230987616,146.79202323434507,93339400
2022-09-27,148.85174560546875,151.75502830388234,147.0764338903238,149.81297617549825,84442700
2022-09-28,146.96856689453125,147.75323924438212,142.06438341593866,144.81072915722658,146691400
2022-09-29,139.74961853027344,143.9083718149734,137.98410935439225,143.30025780798485,128138200
2022-09-30,135.55162048339844,140.35772899315157,135.35545614892226,138.5725991267457,124925300
2022-10-03,139.72019958496094,140.32832857992096,135.05142179088293,135.5614611189966,114311700
2022-10-04,143.3002471923828,143.41794280659562,141.49549629829846,142.2507447443845,87830100
2022-10-05,143.59449768066406,144.55572849466822,140.26946161653336,141.30916116839794,79471000
2022-10-06,142.64306640625,144.71263233032042,142.43709909152813,143.0157891213956,68402200
2022-10-07,137.4053955078125,140.35772324812106,136.7776606833551,139.80844218113944,85925600
2022-10-10,137.7290496826172,139.17088043179677,135.91451126723297,137.7290496826172,74899000
2022-10-11,136.31666564941406,138.64125855443186,135.57123522583825,137.21903351996755,77033700
2022-10-12,135.68894958496094,137.67024396939837,135.51240615749046,136.46381898254117,70433700
2022-10-13,140.24981689453125,140.83830981626429,131.79499606499104,132.40312487373902,113224000
2022-10-14,135.7281951904297,141.75053227831364,135.5418338120233,141.5445499741852,88598000
2022-10-17,139.6809539794922,140.16155437004147,137.5819641011487,138.36663643162046,85250900
2022-10-18,140.99525451660156,143.8887193551449,137.91542833833753,142.70191550699425,99136600
2022-10-19,141.10316467285156,142.1722730567363,138.78838952105372,138.974750883936,61758300
2022-10-20,140.64218139648438,143.0942732786787,139.91635681145763,140.27927658716155,64522000
2022-10-21,144.4478302001953,145.0167173026428,139.9163543059083,140.1321395849877,86548600
2022-10-24,146.58604431152344,147.3510957532076,143.2021606323234,144.3693587197694,75981900
2022-10-25,149.42066955566406,149.5678040506047,146.49778017936205,147.2137868289863,74732300
2022-10-26,146.48797607421875,149.07738452163943,145.20306734701933,148.06712385627637,88194300
2022-10-27,142.02516174316406,146.1937178528811,141.36800292889203,145.23250204640354,109180200
2022-10-28,152.7554931640625,154.48176014348397,144.98726930709842,145.35997702745019,164762400
2022-10-31,150.40151977539062,151.28428192484714,149.0087332370563,150.22497632532892,97943200
2022-11-01,147.76303100585938,152.4710497811702,146.27217011734126,152.10814502054632,80379300
2022-11-02,142.25070190429688,149.25387320211482,142.22127800960496,146.09557879659147,93604600
2022-11-03,136.2185821533203,140.06345955714755,136.09106861510674,139.33763513663766,97918500
2022-11-04,135.95330810546875,140.16807005387253,132.02345398469166,139.5982394074154,140814800
2022-11-07,136.48388671875,136.70984922405512,133.29087896117363,134.70562941235488,83374600
2022-11-08,137.0537109375,138.94985902565782,135.07896394018204,137.9477566640864,89908500
2022-11-09,132.50489807128906,136.12037292800636,132.22980938548775,136.07124673599705,74917800
2022-11-10,144.29446411132812,144.29446411132812,137.05371017047622,138.7632027049217,118854000
2022-11-11,147.0748291015625,147.3793904835366,141.83829520447486,143.26287971945007,93979700
2022-11-14,145.67971801757812,147.64464544159856,144.84461786588682,146.3576203774582,73374100
2022-11-15,147.4088592529297,150.89660867721872,145.95481705312972,149.5506380930854,89868300
2022-11-16,146.18077087402344,147.24183349471545,144.70707528826344,146.51481993344615,64218300
2022-11-17,148.07691955566406,148.82358651784583,143.58705356948877,143.8621421866718,80389400
2022-11-18,148.63693237304688,150.02220984195606,147.34008803390304,149.63904958366277,74829600
2022-11-21,145.41444396972656,147.73305885560603,145.12953609848137,147.52674987775407,58724100
2022-11-22,147.54638671875,147.7821833963105,144.353379792247,145.5323481888436,51804100
2022-11-23,148.42080688476562,149.16747394284351,146.72113379241404,146.82920540527334,58301400
2022-11-25,145.5126953125,146.2691965387926,144.5400508786952,145.70918504900035,35195900
2022-11-28,141.69093322753906,144.06849387144769,140.8656672171658,142.5947981424062,69246000
2022-11-29,138.6944122314453,142.27057984792378,137.8887997144492,141.7596944766532,83763800
2022-11-30,145.43409729003906,146.1119996275474,138.08527316426236,138.9203582971881,111380900
2022-12-01,145.70916748046875,146.51479479155137,144.03898243478534,145.61093011966628,71250400
2022-12-02,145.21795654296875,145.4046270438478,143.09583136119605,143.40040769964443,65447400
2022-12-05,144.05870056152344,148.27346450913342,143.21378092513402,145.1787089175549,68826400
2022-12-06,140.40390014648438,144.71691547188212,139.43125562304482,144.49095300364328,64727200
2022-12-07,138.4684600830078,140.85584008868295,137.5449416476374,139.69653991914743,69721100
2022-12-08,140.1484832763672,141.00323714839539,138.62567607289063,139.86357531316506,62128300
2022-12-09,139.66705322265625,143.01725827820258,138.42913927736055,139.84388950557997,76097000
2022-12-12,141.95619201660156,141.96601125722427,138.58633357333804,140.19757351667832,70462700
2022-12-13,142.9189910888672,147.34007759813417,141.71056497387187,146.87831847453648,93886200
2022-12-14,140.6986541748047,144.08815144991274,138.68460028950005,142.80112620848055,82291200
2022-12-15,134.10629272460938,139.3133532425607,133.6445335943197,138.63545090272245,98931900
2022-12-16,132.15118408203125,135.23611943482993,131.38486361161162,134.29296269794702,160156900
2022-12-19,130.04872131347656,132.82909551472687,129.01714637272462,132.74067737544078,79592600
2022-12-20,129.9799346923828,130.91327209557377,127.61219386559817,129.08588923628005,77432800
2022-12-21,133.07470703125,134.41085828161889,130.42205800232537,130.64802045895354,85928000
2022-12-22,129.91116333007812,132.20030541745464,128.01501569466643,131.9939964474779,77852100
2022-12-23,129.54766845703125,130.0978457490201,127.3665977700706,128.62415014924704,63814900
2022-12-27,127.74977111816406,129.1055760060844,126.46274589439432,129.07610329036513,69007800
2022-12-28,123.8297348022461,128.73222692892008,123.66271775984323,127.39607559848972,85438400
2022-12-29,127.33712005615234,128.19185867326428,125.4900910087302,125.74552617249073,75703700
2022-12-30,127.65150451660156,127.67115798862761,125.19535270118398,126.15817044916967,77034200
2023-01-03,122.87674713134766,128.6045053870652,121.99252821247748,127.99538262842435,112117500
2023-01-04,124.14410400390625,126.40377333508329,122.88655176574262,124.66480852480814,89113600
2023-01-05,122.82762908935547,125.5294047177782,122.57219388132161,124.90062844390272,80962700
2023-01-06,127.34696960449219,128.00521863758777,122.69991942060877,123.80028171885589,87754700
2023-01-09,127.86763763427734,131.07047871721036,127.61220248294386,128.18203319703136,70790800
2023-01-10,128.4375,128.95820466182693,125.87326865028986,127.97574077291436,63896200
2023-01-11,131.14910888671875,131.16874737067045,128.1722445262406,128.94838439618852,69458900
2023-01-12,131.07046508789062,131.90555010610956,129.13501070565974,131.53222415316628,71379600
2023-01-13,132.3968048095703,132.55400260182785,129.35117628841525,129.71468306570503,57809700
2023-01-17,133.55612182617188,134.88243886666353,131.77786487384603,132.4655864864573,63646600
2023-01-18,132.83892822265625,136.1792989256054,132.6620769549058,134.42069543585905,69672800
2023-01-19,132.8978729248047,133.86068318245066,131.4241773301355,131.72873868777404,58280400
2023-01-20,135.4522705078125,135.59964906296133,131.86628386729487,132.90769302903612,80223600
2023-01-23,138.6354522705078,140.806703627411,135.4817372209474,135.6978804326285,81760300
2023-01-24,140.03054809570312,140.64950501564115,137.83965827143598,137.84947751147084,66435100
2023-01-25,139.37229919433594,139.93229570032543,136.37578195167205,138.41930821894437,65799300
2023-01-26,141.4355010986328,141.72040901629467,139.41161299424252,140.65934626942868,54105100
2023-01-27,143.3709259033203,144.64813175929368,140.57091324840124,140.64951214628343,70555800
2023-01-30,140.4923095703125,142.9975950119405,140.34494601130174,142.41794502488958,64015300
2023-01-31,141.7596893310547,141.80881551729502,139.78494257033407,140.19757555057984,65874500
2023-02-01,142.87969970703125,144.03901475780756,138.84178798038548,141.44531098955775,77663600
2023-02-02,148.17520141601562,148.52887400177488,145.57166328269082,146.28885767804982,118339000
2023-02-03,151.7906494140625,154.62014981197694,145.23761799882098,145.43410775063012,154357300
2023-02-06,149.06924438476562,150.41523013113607,148.13590667152536,149.89452545981646,69858300
2023-02-07,151.9380340576172,152.5078649107581,147.9983592694092,147.9983592694092,83322600
2023-02-08,149.25588989257812,151.8692470443083,148.51904208604415,151.18152542311802,64120100
2023-02-09,148.2243194580078,151.62365104865805,147.78221371418798,151.08329292122983,56007100
2023-02-10,148.58834838867188,148.91305820143486,146.82706002572684,147.0632167115801,57450700
2023-02-13,151.38282775878906,151.7862414824205,148.49980618651492,148.52932389765635,62199000
2023-02-14,150.74325561523438,151.30412220458746,148.44078385852455,149.68057287811524,61707600
2023-02-15,152.83909606933594,153.00636811059493,150.42838780610393,150.6546952720313,65573800
2023-02-16,151.2451171875,153.8230981335769,150.8908895372368,151.04831237083192,68167900
2023-02-17,150.1036834716797,150.54646418705764,148.43094798353164,149.90689371085574,59144100
2023-02-21,146.0989532470703,148.87373860585663,146.0300835825423,147.79137232815333,58867200
2023-02-22,146.5220489501953,147.54536466728035,144.80011234851025,146.4826819914061,51011300
2023-02-23,147.00421142578125,147.92913996180903,144.87886065676489,147.68314896878456,48394200
2023-02-24,144.3573455810547,144.8296440334222,143.38321594733068,144.75092512234477,55469600
2023-02-27,145.5479278564453,146.7778826433076,145.08546365545737,145.3413038601465,44998500
2023-02-28,145.04612731933594,146.68934528974674,144.47542643511753,144.69189970203135,50547000
2023-03-01,142.9797821044922,144.86899086128216,142.68458995191014,144.4754113339038,55479000
2023-03-02,143.57017517089844,144.35734928778834,141.59239813777418,142.0647116163666,52238100
2023-03-03,148.60804748535156,148.6867663889097,144.96738452683869,145.66599039801153,70732300
2023-03-06,151.36314392089844,153.79353555974586,150.99908214162087,151.32377696340643,87558000
2023-03-07,149.16893005371094,151.55995507278075,148.70646582947896,151.2352451910372,56182000
2023-03-08,150.41854858398438,151.00893289820618,149.39523278864294,150.35951315538156,47204800
2023-03-09,148.17510986328125,152.06176399701366,147.82088228318355,151.09748364556307,53833600
2023-03-10,146.11863708496094,148.5195113692859,145.24290982690115,147.80122193638456,68572400
2023-03-13,148.05703735351562,150.6842189540097,145.33145336527863,145.43968998615728,84457100
2023-03-14,150.14303588867188,150.94004418166887,147.6929755826584,148.85404568502526,73695900
2023-03-15,150.53662109375,150.7924462663543,147.51584514285557,148.76548332238644,77167900
2023-03-16,153.3507537841797,153.95097226183628,149.20825986230471,149.71992520737962,76161100
2023-03-17,152.51438903808594,154.22649145558808,151.80593390078133,153.57707174404283,98944600
2023-03-20,154.87591552734375,155.28919358755078,151.6780327765039,152.5832927983786,73641400
2023-03-21,156.72576904296875,156.84383990664745,154.02970254755692,154.79720820376127,73938300
2023-03-22,155.29901123046875,159.53989288471735,155.27932775015748,156.7454392443716,75701800
2023-03-23,156.38137817382812,158.95937384680835,155.15142327717084,156.28299079055427,67622100
2023-03-24,157.68017578125,157.7687289068554,155.31866901387664,156.31246690077828,59196500
2023-03-27,155.74179077148438,158.19186606543823,155.33836200567538,157.37517430078694,52390300
2023-03-28,155.12188720703125,155.94842821050446,153.47866946121147,155.43676283008696,45992200
2023-03-29,158.1918487548828,158.46735739062942,156.79462209814082,156.81429056205513,51305700
2023-03-30,159.75636291503906,159.86459953343115,158.68384597812414,158.93967116064357,49501700
2023-03-31,162.255615234375,162.3540176143248,159.31357325147573,159.8350728342002,68749800
2023-04-03,163.50527954101562,163.62335040456196,161.58655293789977,161.63575413574327,56976200
2023-04-04,162.97393798828125,164.16452584406122,162.4622725801105,163.92838412805693,46278300
2023-04-05,161.13389587402344,162.4032175003463,159.2053353608918,162.09819114468434,51511700
2023-04-06,162.01947021484375,162.31466233453045,159.40212310856722,159.8252203026454,45390100
2023-04-10,159.43165588378906,159.43165588378906,157.51292944566782,158.8314373555464,47716900
2023-04-11,158.22140502929688,159.75638637804428,157.93604707794614,159.74655214369014,47644200
2023-04-12,157.53262329101562,159.46118408911326,157.2177476424543,158.6346580327857,50133100
2023-04-13,162.90501403808594,163.14117071125375,158.83140526402408,159.03804422980758,68445600
2023-04-14,162.56068420410156,163.6528847449455,161.19297496954,161.9506163702145,49386500
2023-04-17,162.58035278320312,162.73779061232008,161.39959909302152,162.44259843625022,41516200
2023-04-18,163.8004608154297,164.7253892225956,162.99360326395418,163.43639900098648,49923000
2023-04-19,164.94187927246094,165.4633789570219,162.885383237049,163.14122346923992,47720200
2023-04-20,163.9775390625,165.17797593709363,162.9050222690973,163.42652181136077,52456400
2023-04-21,162.37371826171875,163.78077935638615,161.85221862385353,162.4032359760057,58337300
2023-04-24,162.67872619628906,162.94440060882783,161.26181601487568,162.3540163618739,41949600
2023-04-25,161.14378356933594,163.64304544690907,161.10441660264104,162.54101060503098,48714100
2023-04-26,161.13389587402344,162.62952495549953,160.18929909610858,160.44512426219072,45498800
2023-04-27,165.7093505859375,165.85693915334915,162.5409858833323,162.5409858833323,64902300
2023-04-28,166.95899963378906,167.12628672150765,165.18787649470852,165.78809511844986,55275900
2023-05-01,166.8704071044922,167.71661652166532,165.93564455408003,166.56538074727197,52472900
2023-05-02,165.83726501464844,167.6182522416185,164.8533011388869,167.36241202489828,48425700
2023-05-03,164.76473999023438,168.17909567440717,164.47939708632646,166.78186884038578,65136000
2023-05-04,163.13136291503906,164.36131774887434,161.67510059572527,162.24580144031648,81235400
2023-05-05,170.78662109375,171.50491053581004,168.02166992672903,168.23814318555767,113453200
2023-05-08,170.7176971435547,171.06209043449635,169.34998823962542,169.71404999386525,55962800
2023-05-09,169.0155029296875,170.75710842473805,168.84823084895888,170.27497566678477,45326900
2023-05-10,170.77674865722656,171.23921282792068,169.14336520388548,170.24541483030967,53724500
2023-05-11,170.96372985839844,171.7902559418124,169.40906507439723,171.06213225532295,49514700
2023-05-12,170.03750610351562,171.50563041723674,168.49053896760506,171.07208510437357,45533100
2023-05-15,169.54486083984375,170.66813061172948,168.95365989259247,170.61886136031444,37266700
2023-05-16,169.54486083984375,170.5991506527755,169.2788189100942,169.4660330445526,42110300
2023-05-17,170.15574645996094,170.39221479568312,167.91905489711874,169.19013234108013,57951600
2023-05-18,172.4811248779297,172.66833901247392,170.04737119858373,170.46120584790356,65496700
2023-05-19,172.58950805664062,173.80145343851697,172.37273538217633,173.80145343851697,55809500
2023-05-22,171.64361572265625,172.14614110589002,170.9046219565987,171.42684301515672,43570900
2023-05-23,169.04232788085938,170.83562631420236,168.7664381272472,170.58929510312979,50747300
2023-05-24,169.31822204589844,169.8897122746601,168.0176010356781,168.57922839342694,45143500
2023-05-25,170.4513397216797,171.3479738482291,169.17041449607095,169.8798495430277,56058300
2023-05-26,172.85552978515625,173.19055165787438,170.56958397024448,170.77650880236848,54835000
2023-05-30,174.69810485839844,176.36330631715728,173.9788219031772,174.36309800636275,55964400
2023-05-31,174.64881896972656,176.71800704198733,174.16600441023556,174.72764675708407,99625300
2023-06-01,177.44715881347656,177.47671735788407,174.33352850038895,175.0922328882,68901800
2023-06-02,178.2945098876953,179.11233123154489,176.62930866038764,178.37333767160567,61996900
2023-06-05,176.94467163085938,182.23586225888923,175.42726265707913,179.9499159952855,121946500
2023-06-06,176.58006286621094,177.4766970018392,174.82617090162998,177.328904296753,64848400
2023-06-07,175.21046447753906,178.5507149734009,174.71780207381394,175.82136104700194,61944600
2023-06-08,177.92010498046875,178.18613184931536,174.85574427470908,175.28927455408018,50214900
2023-06-09,178.30441284179688,179.555764726174,177.97925379814166,178.83648170922714,48900000
2023-06-12,181.09283447265625,181.19137296447727,178.31422641468646,178.60982685528654,54274900
2023-06-13,180.61988830566406,181.4475575367352,179.76266053311636,180.11737806569877,54929100
2023-06-14,181.25050354003906,181.684048880549,179.34883379218707,180.67901332162722,57462900
2023-06-15,183.28025817871094,183.78278344228747,181.08298811392547,181.26035439367692,65433200
2023-06-16,182.20626831054688,184.245897953939,181.56581317602513,183.98970387223915,101256200
2023-06-20,182.294921875,183.3689372512462,181.70373606119196,181.70373606119196,49799100
2023-06-21,181.2603759765625,182.68909408055805,179.91047063421516,182.18656875714527,49515700
2023-06-22,184.2557373046875,184.3050065515812,180.97460392176268,181.0435838743865,51245300
2023-06-23,183.94046020507812,184.8075509993679,182.29496929127177,182.8270532004463,53117000
2023-06-26,182.5511474609375,185.29034946556595,182.51172604562308,184.08825189117624,48088700
2023-06-27,185.30018615722656,185.6253451571229,182.94526040179295,183.1620330683905,50730800
2023-06-28,186.4727325439453,187.11318769857849,184.84695251457532,185.17209649255778,51216800
2023-06-29,186.8077392578125,187.2807060224463,186.16728410364277,186.30522898461155,46347300
2023-06-30,191.12344360351562,191.62595381515632,188.45320690668942,188.81778728912292,85213200
2023-07-03,189.63565063476562,191.03481029014517,188.94591112680644,190.93627177904648,31458200
2023-07-05,188.5221710205078,190.14795071297073,187.82258388907837,188.75865435398987,46920300
2023-07-06,188.9951629638672,189.20208780415717,186.42346442381324,187.05407174607458,45094300
2023-07-07,187.88172912597656,189.84253092683244,187.4481988352347,188.60102706839623,46815000
2023-07-10,185.84210205078125,187.2018550195119,184.2951349736181,186.48255712554894,59922200
2023-07-11,185.3198699951172,186.52196732292174,183.86159365977753,186.38402246734722,46638100
2023-07-12,186.985107421875,188.88677723101014,185.70418206587038,186.8964167558296,60750200
2023-07-13,187.74378967285156,188.38425984411805,186.99494820191867,187.70438329432415,41342300
2023-07-14,187.89161682128906,188.37441642370476,186.847174781534,187.4383607296714,41616200
2023-07-17,191.14315795898438,191.46831693797242,188.9951421376018,189.08381775872684,50520200
2023-07-18,190.88697814941406,191.47817907078496,189.5962050071137,190.5125649317522,48288200
2023-07-19,192.23687744140625,195.32093388898534,189.82281961650222,190.26622781119138,80507300
2023-07-20,190.29579162597656,193.58677299126168,189.67503216410122,192.22701989757815,59581200
2023-07-21,189.1232452392578,192.10877819186132,188.4236580132484,191.25155042374644,71951700
2023-07-24,189.92137145996094,192.04967681854123,189.42870901778204,190.57168949200457,45377800
2023-07-25,190.7786102294922,191.5865838976961,190.08888577789457,190.49287261199655,37283200
2023-07-26,191.64569091796875,192.76896069007793,190.48301476563847,190.82786945588313,47471900
2023-07-27,190.38446044921875,194.30604897209747,189.72429463258098,193.1433729163405,47460200
2023-07-28,192.95619201660156,193.74445500503793,191.29099040018204,191.81321143511212,48291400
2023-07-31,193.56704711914062,193.6064685292723,192.394508242959,193.18277106210203,38824100
2023-08-01,192.7394256591797,193.8429848583732,192.4142666019459,193.36018522615927,35175100
2023-08-02,189.75387573242188,192.31571151477112,189.03459274742033,192.17776662675897,50389300
2023-08-03,188.36453247070312,189.54691917513858,187.89158079590146,188.7586713954234,61235200
2023-08-04,179.3192901611328,184.63019095429203,179.25031019901363,182.79748597555601,115956800
2023-08-07,176.225341796875,180.44253062568194,174.74735463626894,179.45720585194456,97576100
2023-08-08,177.16139221191406,177.62449604499406,174.97397007455905,177.05300588853657,67823000
2023-08-09,175.57504272460938,178.2748232727554,174.41235154839882,178.21570618554995,60378500
2023-08-10,175.35824584960938,178.0974474344709,174.99368050557445,176.84608080013524,54686900
2023-08-11,175.41748046875,176.2364063672045,174.19403724396824,174.95376621930987,52036700
2023-08-14,177.065185546875,177.29211207450308,174.9438673937282,175.59506357405235,43675600
2023-08-15,175.0819854736328,177.08489459113486,174.68732936330193,176.49291042563854,43622600
2023-08-16,174.2137451171875,176.15744233651847,174.14467201512105,174.76626971305478,46964900
2023-08-17,171.67807006835938,175.14122571711877,171.1650049538571,174.7761679719839,66062900
2023-08-18,172.16151428222656,172.76337470680727,169.6652772069575,170.0007364455324,61172200
2023-08-21,173.4934539794922,173.77959243029935,171.4214870063081,172.73374028357344,46311900
2023-08-22,174.86492919921875,175.30892111024494,173.89801113995804,174.69719959083847,42038900
2023-08-23,178.70301818847656,179.12728783194132,175.9502562936072,176.1377232252428,52722800
2023-08-24,174.02627563476562,178.68329009610582,173.6612029173666,178.25902046647073,54945800
2023-08-25,176.22650146484375,176.75928869570708,173.47373983758078,175.0129196769248,51449600
2023-08-28,177.78541564941406,178.1800717356574,176.16730160755293,177.68674410027091,43820700
2023-08-29,181.66299438476562,182.43258442181371,177.10465107991652,177.3019791564373,53003900
2023-08-30,185.14585876464844,185.34320186637345,182.27470331859433,182.47203136515444,60813900
2023-08-31,185.36294555664062,186.59626480914432,184.97815055206615,185.33334709899387,60794500
2023-09-01,186.9317169189453,187.3855699191495,185.76745585396847,186.96131537308187,45766500
2023-09-05,187.1685333251953,187.44479564304942,185.1064270757959,185.7674844117445,45280000
2023-09-06,180.46914672851562,186.32988234003622,179.04836051297525,185.88587535630464,81755800
2023-09-07,175.19052124023438,175.83185624974686,171.22416252451072,172.84227669356144,112488800
2023-09-08,175.80223083496094,177.83475336123297,175.4174358773743,175.96997548136457,65551300
2023-09-11,176.96649169921875,177.89395007164453,174.9734438173143,177.66702357259294,58953100
2023-09-12,173.94735717773438,177.72624932161176,172.4871113411862,177.09479044187466,90370200
2023-09-13,171.88525390625,174.93401565723292,171.65831231126361,174.15454941477398,84267900
2023-09-14,173.3948211669922,173.75001770449512,171.26364194197464,171.67803539320033,60895800
2023-09-15,172.674560546875,174.14468255030425,171.5004532372104,174.12494522635322,109259500
2023-09-18,175.5950469970703,176.9862345995646,173.81906442528665,174.12492516303394,67257600
2023-09-19,176.68038940429688,177.23291401853146,174.7662755227223,175.15107052586188,51826900
2023-09-20,173.1481475830078,177.30195805066697,173.0593371622532,176.86782730089922,58436200
2023-09-21,171.60897827148438,173.9473619674597,171.53992021743218,172.22071489897561,63149100
2023-09-22,172.45750427246094,174.71695374662696,171.7273888544839,172.33911043282527,56725400
2023-09-25,173.7302703857422,174.6083930174941,171.82601779128095,171.87535356826675,46172700
2023-09-26,169.665283203125,172.86203732750283,169.36928354767613,172.48711848209095,64588900
2023-09-27,168.15567016601562,170.73084132501634,166.7940959712009,170.3164478696235,66921800
2023-09-28,168.41221618652344,169.7343308371659,165.38317681816312,167.08022534636603,56294400
2023-09-29,168.92523193359375,170.76041108305415,168.0668317304322,169.72442018244283,51861100
2023-10-02,171.43138122558594,171.97404472395215,168.64900568223578,168.93514418826848,52164500
2023-10-03,170.09938049316406,171.31297744317223,168.54047825044546,169.96124934298015,49594600
2023-10-04,171.3425750732422,171.88523853747708,168.68846972057472,168.80686354725646,53020300
2023-10-05,172.57589721679688,173.10868450108188,170.3756448658088,171.47083294671847,48527900
2023-10-06,175.1214599609375,175.61478762599208,170.86896284182788,171.48069938400815,57266700
2023-10-09,176.6014862060547,176.66068313153215,173.45405252336897,174.450569230968,42390800
2023-10-10,176.0094451904297,177.3216985969386,175.5753144327677,175.7233217666065,43698000
2023-10-11,177.40065002441406,177.44998580714199,175.23001108089,175.82199530812358,47551100
2023-10-12,178.29849243164062,179.906730392158,176.6507647716162,177.6670336186698,56743100
2023-10-13,176.4633331298828,179.5022186651883,175.76280113660414,178.99902980590412,51427100
2023-10-16,176.3350372314453,176.6902337432856,174.15452238414363,174.39132507709223,52517000
2023-10-17,174.7859649658203,176.03902130181154,172.4673342483031,174.29263735930638,57549400
2023-10-18,173.4934539794922,175.21023951884263,172.7731998689447,173.2369290366687,54764400
2023-10-19,173.1185760498047,175.466805839834,172.85217485644313,173.69082297603654,59302900
2023-10-20,170.57301330566406,173.07911173437196,170.33621055796252,172.9705790235715,64244000
2023-10-23,170.69139099121094,171.68790756499885,167.6623515662161,168.62928473640696,55980100
2023-10-24,171.12548828125,171.3524147723922,169.16203892177992,170.74069333750268,43816600
2023-10-25,168.81675720214844,170.7505934954682,168.37275019582236,169.58634726553433,57157000
2023-10-26,164.66290283203125,169.09299056011605,163.45918215856796,168.0964590692853,70625300
2023-10-27,165.9751739501953,166.70530437202822,164.60372353518264,164.6826577744484,58499100
2023-10-30,168.01754760742188,168.88580920893756,166.61649869462795,166.76450604315932,51131000
2023-10-31,168.49114990234375,168.61940486913602,165.65943861592592,167.09010101577766,44846000
2023-11-01,171.6484375,171.90496247869652,167.849808268541,168.71806981976965,56934900
2023-11-02,175.20042419433594,175.4076134182441,173.11858048911532,173.17777741023195,77334800
2023-11-03,174.2926788330078,174.46042350768224,171.0367278993792,171.91485064572058,79829200
2023-11-06,176.83822631835938,177.03555436857033,173.858538133294,174.02626772873157,63841300
2023-11-07,179.39369201660156,180.00541354681909,176.58171810512866,176.7889073081916,70530000
2023-11-08,180.44937133789062,181.00189584845015,179.16671654971245,179.91658414704074,49340300
2023-11-09,179.97579956054688,181.66297171772456,179.38380034968415,180.51846299464347,53763500
2023-11-10,184.1548614501953,184.3228271167955,181.31943456996746,181.75413731292954,66133400
2023-11-13,182.57412719726562,183.78930789371245,181.99123723697815,183.58184574005094,43627500
2023-11-14,185.18234252929688,185.8442707665973,184.05607409829287,185.43920547847273,60108400
2023-11-15,185.74542236328125,187.21748080558552,185.51819692419994,185.58736101326681,53790500
2023-11-16,187.4250030517578,188.65994715340477,186.37775779056014,187.28668991537342,54412900
2023-11-17,187.40524291992188,188.08693448765234,186.29873780998344,187.9584954748911,50922700
2023-11-20,189.14402770996094,189.598493753426,187.59294582194016,187.60281994734135,46505100
2023-11-21,188.34378051757812,189.21318592585277,187.45462685911554,189.10451024981845,38134500
2023-11-22,189.00572204589844,190.60620477415247,188.53150773289747,189.18356183514956,39617700
2023-11-24,187.68186950683594,188.60066069963858,186.97054048498805,188.57102324664504,24048300
2023-11-27,187.50401306152344,188.37341847212542,186.62473352580105,187.6324520630897,40552600
2023-11-28,188.10665893554688,188.77847629228074,187.1187037624085,187.49413155220094,38415400
2023-11-29,187.08908081054688,189.77632029571453,186.69390474066958,188.6006511365786,43014200
2023-11-30,187.6620635986328,188.02761722761016,185.9232680925445,187.5533879373149,48794400
2023-12-01,188.9365692138672,189.25270705783993,186.95076949469112,188.0375263099119,45704800
2023-12-04,187.14837646484375,187.76091903857423,185.19222907454912,187.69175492742627,43389500
2023-12-05,191.09030151367188,192.05849343193452,187.8893210956394,187.91897362196437,66628400
2023-12-06,190.00355529785156,192.4141533735728,189.79607806848605,192.10788966712872,41089700
2023-12-07,191.93008422851562,192.65128739108172,191.25826677194576,191.29779342674496,47477700
2023-12-08,193.35272216796875,193.62934842275146,191.33728508312288,191.86090014217592,53406400
2023-12-11,190.8531951904297,191.15947399253523,189.11439931154695,190.78404615931,60943700
2023-12-12,192.36476135253906,192.3746354774224,189.41076991243543,190.75438957156285,52696900
2023-12-13,195.5756378173828,195.6151493963814,192.50309623143957,192.74019585543422,70404200
2023-12-14,195.72381591796875,197.21562292408947,193.79730618821,195.63490356313392,66831600
2023-12-15,195.19033813476562,196.01032777733312,194.62719637119332,195.1508114803035,128538400
2023-12-18,193.5305633544922,194.26165570440122,192.04863040265064,193.7281513997374,55751900
2023-12-19,194.56788635253906,194.57776047687184,193.5305304476359,193.79728255461077,40714100
2023-12-20,192.4833221435547,195.2989855460905,192.4833221435547,194.5283816611859,52242800
2023-12-21,192.3351287841797,194.70623052718972,191.16934877699248,193.73803856316968,46482500
2023-12-22,191.26812744140625,193.05632389177538,190.64571085868127,192.82908334808235,37149600
2023-12-26,190.72476196289062,191.55464074590694,190.5074106042434,191.27801448490152,28919300
2023-12-27,190.82354736328125,191.16933772508392,188.78836199381533,190.17150836602553,48087700
2023-12-28,191.24838256835938,192.31537606668746,190.84331729052167,191.80163510638113,34049900
2023-12-29,190.21099853515625,192.05846979029215,189.4206314221306,191.56449222902597,42672100
2024-01-02,183.4040069580078,186.17028459685415,181.6750853181039,184.89581391743906,82488700
2024-01-03,182.03076171875,183.6411336613478,181.22063114701328,182.00112426612563,58414500
2024-01-04,179.7189483642578,180.88472835710988,178.70135563320858,179.95604798314233,71983600
2024-01-05,178.99771118164062,180.5586821654936,177.99988188294327,179.79796753554595,62379700
2024-01-08,183.32498168945312,183.36450834315934,179.313885613353,179.89677561800764,59144500
2024-01-09,182.91004943847656,182.9199235647891,180.52907347198328,181.70474272826013,42841800
2024-01-10,183.9473876953125,184.1548498527509,181.70472508990332,182.12955368013527,46792900
2024-01-11,183.3546142578125,184.7970355796361,181.4083411771675,184.29316874581366,49128400
2024-01-12,183.68063354492188,184.49076406507768,182.95943045197853,183.81894667336306,40477800
2024-01-16,181.41822814941406,182.04062970854807,178.7507369031224,179.96593271976667,65603000
2024-01-17,180.47964477539062,180.72663357001974,178.12832170152117,179.08663943068214,47317400
2024-01-18,186.35801696777344,186.86186875433015,183.59173905481111,183.84860201119264,78005800
2024-01-19,189.252685546875,189.6379874512041,186.54569809210085,187.04954979006996,68903000
2024-01-22,191.5546417236328,192.97729968749402,189.94426985134535,189.98379650311966,60133900
2024-01-23,192.8291015625,193.39224330006388,191.49537099853464,192.67104017695664,42355600
2024-01-24,192.1573028564453,194.01466361551059,191.99922639290756,193.06621990928542,53631300
2024-01-25,191.8312530517578,193.9059649333701,190.78402298627717,192.86860899256396,54822100
2024-01-26,190.1023406982422,192.41415228379137,189.6281264159501,191.93006387634745,44594000
2024-01-29,189.42066955566406,189.8850097627336,187.29657164460275,189.6972958396627,47145600
2024-01-30,185.7751007080078,189.4898221386195,185.21197404804863,188.6401800108733,55859400
2024-01-31,182.17893981933594,184.846431021382,182.12955411744667,184.7871410441138,55467800
2024-02-01,184.60931396484375,184.6982263171025,181.6059367135455,181.77388729281213,64885400
2024-02-02,183.61148071289062,185.07365019396582,177.09097033579843,177.6936236133024,102551700
2024-02-05,185.41941833496094,186.97051518171523,183.60158444736317,185.88375846902116,69668800
2024-02-06,187.01992797851562,187.02980210381148,184.5204024536245,184.60931480628852,43490800
2024-02-07,187.12860107421875,188.74884702540382,186.33823388644547,188.3437817688575,53439000
2024-02-08,186.0517578125,187.25704946443747,185.0934399218184,187.1088621926835,40962000
2024-02-09,186.81344604492188,187.9411516715375,185.97260641439556,186.61559077121817,45155200
2024-02-12,185.13174438476562,186.63535673641036,184.77562606711913,186.3880527684402,41781900
2024-02-13,183.04449462890625,184.20189045877694,181.53099558275042,183.76663306878044,56529500
2024-02-14,182.16409301757812,183.52921572281525,180.4725423642709,183.32148884677065,54630500
2024-02-15,181.8772430419922,182.50045391335385,179.39431647047905,181.57058851615943,65434500
2024-02-16,180.3439483642578,182.8565652037317,179.7108507918506,181.44197861733377,49752500
2024-02-20,179.60203552246094,180.46264852115328,178.0588611409836,179.82955095197704,53665600
2024-02-21,180.35386657714844,180.91771184255438,178.71176441081158,179.97795967071906,41371400
2024-02-22,182.38174438476562,182.96539328132977,180.49235334512917,181.50134277124772,52292200
2024-02-23,180.55169677734375,183.04451006700117,180.2648157032703,183.0148347964746,45119700
2024-02-26,179.20639038085938,180.78912706737802,178.70188051494486,180.27474556873526,40867400
2024-02-27,180.66050720214844,181.93658908973126,177.62360710096542,179.1470080612827,54318900
2024-02-28,179.4635467529297,181.14521076395337,178.1874648834917,180.54178846123017,48953900
2024-02-29,178.80076599121094,180.6011460945577,177.59392143922238,179.31516246277232,136682600
2024-03-01,177.72254943847656,178.58316252471684,175.46713817545924,177.61373507516265,73563100
2024-03-04,173.2117156982422,174.99229230011673,171.9158301484072,174.25038035125658,81510100
2024-03-05,168.28541564941406,170.18470849670402,167.79080766540406,168.91851326517738,95132400
2024-03-06,167.2961883544922,169.39333632878757,166.86093094295472,169.21526961759642,68587700
2024-03-07,167.177490234375,168.88882954707424,166.67299554984157,167.32586658446218,71765100
2024-03-08,168.88885498046875,171.8268279085278,167.118164861082,167.1775154100546,76267000
2024-03-11,170.88705444335938,172.49948126334272,170.1946063009313,171.07500788792643,60139500
2024-03-12,171.36184692382812,172.15322257397557,169.16578666443067,171.28270784938988,59825400
2024-03-13,169.28453063964844,171.3223130850131,168.91851047344855,170.90684419661972,52488700
2024-03-14,171.1343536376953,172.43022407386235,170.19460153541087,171.04532782778392,72913500
2024-03-15,170.75843811035156,170.75843811035156,168.4535633292171,169.32407812222547,121752700
2024-03-18,171.84657287597656,175.79354941833483,171.64873273149365,173.67662817447325,75604200
2024-03-19,174.18112182617188,174.70540499850514,171.1640105835326,172.45988088096897,55215200
2024-03-20,176.7432098388672,176.7432098388672,173.2018149693641,173.82502584048726,53423100
2024-03-21,169.52191162109375,175.57592275278003,168.9976284397713,175.1406653733646,106181300
2024-03-22,170.42210388183594,171.18380430580046,168.22604350725265,169.90770741812418,71160100
2024-03-25,169.00753784179688,170.08577952012527,167.6226265638577,168.7305586050563,54288300
2024-03-26,167.87979125976562,169.57134153480925,167.7511883976721,168.16665715109042,57388400
2024-03-27,171.4409942626953,171.72787530814264,168.27550660374618,168.57227437363676,60273300
2024-03-28,169.6307373046875,170.37264922530974,168.67119667981044,169.89782982249778,65672700
2024-04-01,168.19638061523438,169.40322523760474,167.65230884379906,169.3438746978549,46240500
2024-04-02,167.0192108154297,167.51381877100314,166.41578850586058,167.25662806803024,49329500
2024-04-03,167.8204803466797,168.83937157047524,166.7620271262386,166.9697540235435,47691700
2024-04-04,166.9994354248047,170.06599565718972,166.9994354248047,168.4535689105981,53704400
2024-04-05,167.751220703125,168.55248310289795,167.12800990586356,167.76110742740823,42104800
2024-04-08,166.63340759277344,167.37531948329715,166.425680716199,167.20715459942008,37425500
2024-04-09,167.8402557373047,168.2458378687617,166.53449863101693,166.88071513080217,42373800
2024-04-10,165.9706573486328,167.26652787853376,165.30788444762385,166.97966188332379,49709300
2024-04-11,173.15235900878906,173.56784300454478,166.3465633103838,166.5246149420751,91070300
2024-04-12,174.6460723876953,176.43655077441642,172.33131077483722,172.38075949507746,101670900
2024-04-15,170.8277130126953,174.72522645768026,170.63975955810392,173.46891791454695,73531800
2024-04-16,167.5533905029297,171.88614579113815,166.45536027289515,169.8978273072319,73711200
2024-04-17,166.18826293945312,168.80967890645843,166.18826293945312,167.780901063059,50901200
2024-04-18,165.23863220214844,166.8213838226369,164.7539260277304,166.21796146542746,43122900
2024-04-19,163.2206268310547,164.60552308162337,162.31054999578998,164.41758473594675,68149400
2024-04-22,164.0515594482422,165.45624419964858,162.99310629576294,163.73501821268977,48116400
2024-04-23,165.10012817382812,165.24851961582092,163.14148491226467,163.56685559955991,49537800
2024-04-24,167.197265625,167.4742448528629,164.41757152765254,164.7439994721628,48251800
2024-04-25,168.05789184570312,168.77012851479734,166.33665071301928,167.70177351115603,50558300
2024-04-26,167.4742431640625,169.49223681731962,167.35552700029277,168.04799015720317,44838400
2024-04-29,171.62896728515625,174.13168243053624,171.2332869429431,171.5003643815301,68169400
2024-04-30,168.49317932128906,173.10292994793707,168.16673619853609,171.46082760714557,65934800
2024-05-01,167.4742431640625,170.84747276952126,167.28628974114312,167.75122238913238,50383100
2024-05-02,171.1640167236328,171.5498103000238,169.04709541575278,170.64962025703286,94214900
2024-05-03,181.40240478515625,184.98336128032037,180.69016817589636,184.63712970012278,163224100
2024-05-06,179.75042724609375,182.21356516877455,178.47433028646978,180.38352481626606,78569700
2024-05-07,180.4329833984375,182.90602327557747,179.36464345444207,181.4716631656838,77305800
2024-05-08,180.76931762695312,181.09576068278213,179.4932206728727,180.87813197889614,45057100
2024-05-09,182.57960510253906,182.6686309202814,180.1461270912472,180.59127127419717,48983000
2024-05-10,181.32156372070312,183.34229448527321,180.4102525825865,183.1540861312051,50759500
2024-05-13,184.52110290527344,185.33336754370364,182.87677335531396,183.68903799374417,72044800
2024-05-14,185.6602020263672,186.52199740854093,184.53096697721375,185.73944844741243,52393600
2024-05-15,187.9285888671875,188.849800179078,185.6007724639543,186.13568203158255,70400000
2024-05-16,188.04745483398438,189.29556710780693,187.86916171755817,188.67151097089564,52845200
2024-05-17,188.07717895507812,189.00830557822601,187.39369174809892,187.72057759120682,41282900
2024-05-20,189.23611450195312,190.10781001398533,187.22528381236822,187.54226949481966,44361300
2024-05-21,190.5337677001953,190.91016932460286,189.11726241831752,189.28565540299905,42309400
2024-05-22,189.09744262695312,190.99932654838926,188.47340160760692,190.45451683728567,34648500
2024-05-23,185.1154327392578,189.19652573516206,184.86779330766728,189.1767103485156,51005900
2024-05-24,188.18614196777344,188.78048261582597,186.26445766907554,187.03710655742805,36327000
2024-05-28,188.19606018066406,191.17763337385156,187.31446444482384,189.70169698060212,52280100
2024-05-29,188.49319458007812,190.4346940804733,187.72056087959155,187.81962268312432,53068000
2024-05-30,189.48377990722656,190.36537567482878,188.8300232981759,188.9587855239753,49889100
2024-05-31,190.43470764160156,190.7516933437122,188.11680637508078,189.63235836586054,75158300
2024-06-03,192.19789123535156,193.14883318833753,190.7021546904014,191.07855630297723,50080500
2024-06-04,192.514892578125,193.47573474401025,191.20734917579057,192.80214765697744,47471400
2024-06-05,194.0205078125,195.04078090785526,193.02995023528447,193.55494454203196,54156800
2024-06-06,192.64366149902344,194.64459232913165,192.33659102362645,193.84224299284628,41181800
2024-06-07,195.03089904785156,195.08042995429523,192.3068654552658,192.8120444256859,53103900
2024-06-10,191.2965087890625,195.43704806418344,190.33566655763516,195.04081589339742,97010200
2024-06-11,205.1940155029297,205.2039307530545,191.80168667352532,191.82148694435384,172373300
2024-06-12,211.05813598632812,218.12080209568063,204.94638168818946,205.41194501546696,198134300
2024-06-13,212.2170867919922,214.70338117421306,209.6020150722442,212.71236564129833,97862700
2024-06-14,210.48361206054688,213.13829945342002,209.30484597389386,211.8307711431916,70122700
2024-06-17,214.62413024902344,216.88260054537645,210.71143044440285,211.35528688913016,93728300
2024-06-18,212.26658630371094,216.5656178731208,210.98877362098574,215.5354294813442,79943300
2024-06-20,207.70010375976562,212.21705896960654,206.87795427864972,211.90997342693947,86172500
2024-06-21,205.53079223632812,209.88923942625428,205.15437552925596,208.40340309586463,241805100
2024-06-24,206.17466735839844,210.69160779538842,204.63929998769706,205.75863496180304,80727000
2024-06-25,207.09588623046875,209.38407188516823,206.64022308060072,207.1751175381149,55549700
2024-06-26,211.23641967773438,212.83121810497767,208.6510635966682,209.5029437835443,66213200
2024-06-27,212.07839965820312,213.70291360533915,210.34492376459474,212.66282504623206,49772700
2024-06-28,208.6312255859375,214.0297763055812,208.3142550307382,213.73260601871965,82542700
2024-07-01,214.703369140625,215.4561875080808,209.91897391071575,210.0873668962765,60402900
2024-07-02,218.19012451171875,218.29908645117231,213.0689435868198,214.1090169642201,58046200
2024-07-03,219.45803833007812,219.45803833007812,216.96182895702523,217.92267103394255,37369800
2024-07-05,224.2028045654297,224.3117665065084,219.55708698216947,219.55708698216947,60412400
2024-07-08,225.66885375976562,225.69856928044194,221.14199799041046,224.9457357840812,59085900
2024-07-09,226.5207061767578,227.23390886254342,224.23252052432466,225.77778797195694,48076100
2024-07-10,230.78012084960938,230.87918266211804,227.08534498663496,227.1348758928893,62627700
2024-07-11,225.4212188720703,230.19569903805672,223.63821202212716,229.2051413563895,64710600
2024-07-12,228.36314392089844,230.44332094014862,226.5207061684713,226.7584454352943,53046500
2024-07-15,232.1867218017578,234.99000194235262,230.88909361652622,234.2470836578572,62631300
2024-07-16,232.60275268554688,234.03905824310993,230.1362587163494,232.781045805997,43234300
2024-07-17,226.71884155273438,229.2744821236097,224.49998695797876,227.2834515580279,57345900
2024-07-18,222.06321716308594,228.26411801705945,220.17126344980832,228.10562515807683,66034600
2024-07-19,222.19198608398438,224.65848009632384,221.1717129043359,222.6971801635164,49151500
2024-07-22,221.84527587890625,225.6291978658938,220.98348053112068,224.86646431913928,48201800
2024-07-23,222.88534545898438,224.7971293607533,220.57734458918785,222.25138924131514,39960300
2024-07-24,216.47645568847656,222.67735606492835,215.0797809310421,221.88490694575157,61777600
2024-07-25,215.43638610839844,218.76466037633443,212.59347540961954,216.86277641061952,51391200
2024-07-26,215.9019317626953,217.4174836156479,213.97033243488113,216.63493468142264,41601300
2024-07-29,216.1793212890625,217.2293100492215,213.71282713597697,214.91140862229943,36311800
2024-07-30,216.7340087890625,218.24956072806748,214.07930652606245,217.1203256536185,41643800
2024-07-31,219.9830322265625,221.70660788092644,218.5467267386139,219.34907597117163,50036300
2024-08-01,216.2981719970703,222.36038006072013,214.97082835556836,222.25141811315143,62501000
2024-08-02,217.7840118408203,223.46981835778237,215.6543188775265,217.0807092384795,105568600
2024-08-05,207.2939910888672,211.484045462397,194.14928763761037,197.21010696314244,119548600
2024-08-06,205.27325439453125,208.00720313955475,199.17143085232243,203.36148541473497,69660500
2024-08-07,207.83880615234375,211.62272838414273,204.441185671316,204.9463646139573,63516400
2024-08-08,211.29583740234375,212.1774330540979,206.85814362500793,211.0977289070064,47161100
2024-08-09,214.19818115234375,214.7330756065884,209.96849596255686,210.09727328743648,42201600
2024-08-12,215.7254180908203,217.68898821235913,213.81143620679725,214.27753840147545,38028100
2024-08-13,219.43438720703125,220.04923895369578,217.19312608520667,217.19312608520667,44155300
2024-08-14,219.8806610107422,221.17979111862692,217.8774142480331,218.7402072098891,41960600
2024-08-15,222.85577392578125,223.48055242779947,220.9120269929499,222.73677426147512,46414000
2024-08-16,224.17474365234375,224.94827173921567,221.7946444270254,222.0624088054674,44340200
2024-08-19,224.0160675048828,224.115243980586,221.18970440160442,223.84747960195193,40687800
2024-08-20,224.6309356689453,225.2854641390349,223.57973153152028,223.89708417115403,30299000
2024-08-21,224.52183532714844,226.08872985229075,223.1830436738614,224.64085012661386,34765500
2024-08-22,222.66734313964844,226.4457337259973,222.04256465043304,225.90029338876204,43695300
2024-08-23,224.95819091796875,226.32674764036014,222.4690186706249,223.78798715352852,38677300
2024-08-26,225.29534912109375,225.39452559231563,222.0326490158817,224.87883517993083,30602200
2024-08-27,226.1383056640625,226.95151036486342,223.02435510684418,224.12514736512034,35934600
2024-08-28,224.61109924316406,227.95313769677003,223.80780609600177,226.02922904592305,38052200
2024-08-29,227.8837127685547,230.98775191089825,226.9812734022471,228.1911537968638,51906300
2024-08-30,227.1002655029297,228.4886453526855,225.59287085733376,228.28039594132485,52990800
2024-09-03,220.92196655273438,227.1002799762046,219.33523365285652,226.65401607692846,50190600
2024-09-04,219.0178680419922,219.94014563997789,215.67581475954933,219.82114598403248,43840200
2024-09-05,220.53518676757812,223.60946073514918,219.6823205428289,219.79140861107143,36615400
2024-09-06,218.98812866210938,223.37145940933704,217.94683622588397,222.09215251756703,48423000
2024-09-09,219.07737731933594,219.4343914347755,214.91222272734436,218.98812757352732,67180000
2024-09-10,218.2840118408203,219.6426417511051,214.9320468059923,217.10388142289187,51591000
2024-09-11,220.81285095214844,221.23927647566495,216.0824178921796,219.62280899168329,44587100
2024-09-12,220.92196655273438,221.6954946800681,217.99644195502805,220.65420216028613,37455600
2024-09-13,220.6541748046875,222.18139254741286,220.06907298412548,221.72521710949164,36766600
2024-09-16,214.52545166015625,215.41797935337752,212.14535259122513,214.7436126542421,59357400
2024-09-17,214.99154663085938,215.1006346980314,212.72055067344832,213.96018092212807,45519300
2024-09-18,218.85919189453125,220.86243852013078,215.7353147340035,215.745241460142,59894900
2024-09-19,226.97132873535156,227.91345980340301,222.7665127356472,223.12352684243388,66781300
2024-09-20,226.30691528320312,231.15634864169297,225.73172498083707,228.06223610833695,318679900
2024-09-23,224.59121704101562,227.5464908680899,223.93668873737414,225.45399472077756,54146000
2024-09-24,225.4837646484375,227.44734973367454,223.85737047004787,226.75314473243895,43556100
2024-09-25,224.49208068847656,225.40444676008957,222.1615848378298,223.06402418257602,42308700
2024-09-26,225.63253784179688,226.60440369502516,223.54004142995942,225.41436171300208,36636700
2024-09-27,225.9003143310547,227.61597365379234,225.41438891191032,226.5647695239617,34026000
2024-09-30,231.0670623779297,231.0670623779297,227.7448474882838,228.1316114938428,54541900
2024-10-01,224.33340454101562,227.74485413807125,221.88389405688537,227.615942887257,63285000
2024-10-02,224.898681640625,225.48378349827837,221.16987922367838,224.0160654907427,32880600
2024-10-03,223.79788208007812,224.928424248049,221.46738631978812,223.27228007150777,34044200
2024-10-04,224.91851806640625,226.10856009308668,222.27066963907552,226.00938361911108,37245100
2024-10-07,219.8509063720703,223.81772316941647,219.49389225502094,222.63759275105315,39505400
2024-10-08,223.89706420898438,224.10531361949606,221.3979653574062,222.43925780658088,31855700
2024-10-09,227.6357879638672,227.84405251552317,222.96486939830248,223.36154504729694,33591100
2024-10-10,227.13992309570312,227.59611368544336,225.28544108575701,225.89038125247495,28183500
2024-10-11,225.6622772216797,227.50684750397573,225.45401269675094,227.39775944467098,31759200
2024-10-14,229.3811798095703,229.8076053434174,226.70358155060512,226.80274288926017,39882100
2024-10-15,231.91004943847656,235.51985237359267,230.4423162246621,231.67203496624026,64751400
2024-10-16,229.85720825195312,230.19438406287304,227.9332995992129,229.67870875165642,34082200
2024-10-17,230.22412109375,231.91003031839952,228.60765355789445,231.49350124327563,32993800
2024-10-18,233.05047607421875,234.2206797118992,232.0686835146529,234.2206797118992,46431500
2024-10-21,234.5182342529297,234.88517514263293,232.5050756862118,232.5050756862118,36254500
2024-10-22,233.90335083007812,234.26036494372266,230.67040061866737,231.94969236544068,38846600
2024-10-23,228.84567260742188,233.18934216580075,225.8705597881939,232.13813805749322,52287000
2024-10-24,228.65724182128906,228.90516786821388,226.51515714412935,228.07212485007065,31109500
2024-10-25,229.49026489257812,231.28524701350278,227.665532857223,227.83412074973037,38802300
2024-10-28,231.4637451171875,232.78271346714027,230.62080565968694,231.38442210065006,36087100
2024-10-29,231.73153686523438,232.38606532055925,230.39274516902225,231.16627329542206,35417200
2024-10-30,228.19113159179688,231.53316974412917,227.64569128136466,230.68030356750913,47070900
2024-10-31,224.03590393066406,227.92338265648337,223.50037517792762,227.43744214117888,64370100
2024-11-01,221.06077575683594,223.4805363045207,218.44267740554844,219.1368672842602,65276700
2024-11-04,220.16822814941406,220.94175615916865,217.88732075932978,219.15670083339904,44944500
2024-11-05,221.59632873535156,222.09218089861358,219.3054941622342,219.96002264946978,28111300
2024-11-06,220.87237548828125,224.19459083458287,219.35506917081855,220.76328741365683,54561100
2024-11-07,225.5928497314453,225.98954046008802,222.70700223311508,222.76650205936048,42137700
2024-11-08,225.32481384277344,227.01256271730918,224.77877343219782,225.53329235935942,38328800
2024-11-11,222.61448669433594,224.07389700260043,219.90415975706793,223.3789433198207,42005600
2024-11-12,222.61448669433594,223.96468891324545,221.75075962779928,222.93218846295187,40398300
2024-11-13,223.49807739257812,225.0170530189228,221.15507983350162,222.39607398240116,48566200
2024-11-14,226.5757293701172,227.2210402122622,223.3789275067786,223.3987876531247,44923900
2024-11-15,223.37893676757812,225.28510187679902,222.65420045885568,224.76884409236825,47923700
2024-11-18,226.37718200683594,228.08479108540536,223.54770942404784,223.62713486361545,44633700
2024-11-19,226.6352996826172,228.50175961033486,225.02697621656037,225.34466282087314,36211800
2024-11-20,227.35012817382812,228.27342054954684,224.26253412411586,226.41689814964724,35169600
2024-11-21,226.87356567382812,228.50174921258224,224.08381355701644,227.2309725554499,42108300
2024-11-22,228.21383666992188,229.05771868234922,226.4168797117104,226.4168797117104,38168300
2024-11-25,231.19223022460938,231.5694972757357,228.08479132337303,229.79240040372403,90152800
2024-11-26,233.366455078125,233.87279036398945,231.6489234928732,231.6489234928732,45986200
2024-11-27,233.23736572265625,233.99189975911068,232.12543996222107,232.78068842055708,33498400
2024-11-29,235.6201171875,236.09665470361549,232.28432427698263,233.11826871739834,28481400
2024-12-02,237.8638153076172,239.0551666028684,235.45133007089746,235.5605381566453,48137100
2024-12-03,240.90176391601562,241.01097200063165,237.17878168890522,238.08222901174219,38861000
2024-12-04,241.25918579101562,242.35126670496282,239.5118714775545,241.12019505186365,44383900
2024-12-05,241.28895568847656,242.77814859306412,240.38552350615552,242.2321233137982,40033900
2024-12-06,241.09039306640625,242.86750503393802,240.33587413565135,241.15989600483465,36870600
2024-12-09,244.9722442626953,245.4587194212017,240.00826768189094,240.08769312504634,44649200
2024-12-10,245.98487854003906,246.4217108653419,243.57237825215392,245.11121388943334,36914800
2024-12-11,244.714111328125,248.9930565140259,244.48575750906295,246.17352158557497,45205800
2024-12-12,246.17352294921875,246.9479020514793,243.9099357862414,245.11122473397327,32777500
2024-12-13,246.34230041503906,247.4939314395242,244.46591792091505,246.03453629863122,33155300
2024-12-16,249.2313232421875,249.56888515433104,245.86574781090837,246.2033097230519,51694800
2024-12-17,251.6537322998047,252.0012166921119,247.98039295462073,248.2782345553336,51356400
2024-12-18,246.2628936767578,252.44800456803839,245.9551295369763,250.343283238806,56774100
2024-12-19,247.99034118652344,250.18442555229956,245.3097967996626,245.71684652457995,60882300
2024-12-20,252.656494140625,253.1628143156686,243.91989202858784,246.25295201238012,147495300
2024-12-23,253.43084716796875,253.80809906094288,251.62395254537785,252.93444954402884,40858800
2024-12-24,256.3397216796875,256.34962902881983,253.45066898797964,253.64924013847912,23234700
2024-12-26,257.15380859375,258.2260444048055,255.77383898408218,256.32980188696064,27237100
2024-12-27,253.74855041503906,256.8361595932908,251.23677948504655,255.9724022209019,42355300
2024-12-30,250.3829345703125,251.67357129905236,248.94338462815534,250.41271721299594,35557500
2024-12-31,248.61578369140625,251.45517870098834,247.63291094425557,250.62123433005314,39480700
2025-01-02,242.0931396484375,247.3053149666319,240.07776640397734,247.1365264348607,55740700
2025-01-03,241.6066436767578,242.42072787413275,240.14723350152744,241.6066436767578,40244100
2025-01-06,243.23486328125,245.5480782886853,241.44782860288205,242.54983205880436,45045600
2025-01-07,240.46495056152344,243.78088314896328,239.61114601786818,241.22939201717418,40856000
2025-01-08,240.95138549804688,241.95411831821167,238.32048434869313,240.17700647488417,37628900
2025-01-10,235.14356994628906,238.4297199246896,231.32130202918376,238.28079154222544,61710900
2025-01-13,232.71121215820312,232.9792711307645,228.06493742769467,231.84748509521594,49630700
2025-01-14,231.59930419921875,234.41883943252472,230.79514236813586,233.05871461446375,39435300
2025-01-15,236.15623474121094,237.23839323021798,232.74101617334216,232.94950987088825,39832000
2025-01-16,226.61544799804688,236.29520209930612,226.3871093224655,235.6399687194268,71759100
2025-01-17,228.32305908203125,230.6164138035219,226.833866130533,230.44764042021458,68488300
2025-01-21,221.0359344482422,222.8031087860845,217.79942737812888,222.38613659782595,98070400
2025-01-22,222.2173614501953,222.5052654056773,218.2064601780486,218.2064601780486,64126500
2025-01-23,222.04859924316406,225.394314538592,220.69839703644928,223.1208199792776,60234800
2025-01-24,221.17491149902344,224.00438385368136,219.81478693461753,223.16050188156166,54697900
2025-01-27,228.2039337158203,230.47742834163907,222.36629236472388,222.40601266103107,94863400
2025-01-28,236.54339599609375,238.4594987479956,229.147074251248,229.18679454547646,75707600
2025-01-29,237.63548278808594,238.13188043636077,232.32402189200354,232.43322998057818,45486100
2025-01-30,235.8782196044922,239.05516137192973,235.50096771104396,236.95044029141235,55658300
2025-01-31,234.2996826171875,245.40906406001392,231.75812916176676,245.40906406001392,100959800
2025-02-03,226.36724853515625,230.15973381299622,224.0738938399255,228.33299411580026,73063300
2025-02-04,231.1227264404297,231.45035067549782,225.0170268486458,225.61271003037928,45067300
2025-02-05,230.79510498046875,230.99366099381652,226.62536810475493,226.88348940722173,39620300
2025-02-06,231.53970336914062,232.11552641696264,228.76979621063217,229.62360070928509,29925300
2025-02-07,225.98997497558594,232.3140755170278,225.6226304523949,230.92416830424466,39707200
2025-02-10,226.25833129882812,229.1803610121675,225.81108525741098,228.16660736242451,33115600
2025-02-11,231.19793701171875,233.7919821040532,226.7353950927951,226.8049592810601,53718400
2025-02-12,235.42196655273438,235.51142789245534,229.26980470124647,229.78663009476247,45243300
2025-02-13,240.05349731445312,240.85854326211725,234.12993999243653,235.46174477414044,53614100
2025-02-14,243.10472106933594,244.04891051069433,239.51678905976664,239.77519417214083,40896200
2025-02-18,242.9755401611328,243.68119139214684,240.36161266967392,242.65748906255496,48822500
2025-02-19,243.373046875,244.50607717853558,241.67350900245088,243.16433914739287,32204200
2025-02-20,244.3271942138672,245.27138364211797,242.7966000469895,243.4426355672204,32316900
2025-02-21,244.04891967773438,247.16972378813352,243.72093519653038,244.44646835255205,53197400
2025-02-24,245.58944702148438,247.33868242018207,242.92582237394555,243.43269920852308,51326400
2025-02-25,245.52980041503906,248.47171215983582,243.41283173998391,246.48393846255715,48013300
2025-02-26,238.89065551757812,243.48240813544444,237.66817887883008,242.8363877176575,44433600
2025-02-27,235.849365234375,240.97782529617328,235.61082691795045,237.94646720738686,41153600
2025-02-28,240.36158752441406,240.61005923211764,228.7927454203557,235.5014815283524,56833400
2025-03-03,236.5748748779297,242.5381957053339,234.66661403302143,240.31188380351972,47184000
2025-03-04,234.4877166748047,238.60242278275774,233.24535811530478,236.25684921580154,53798100
2025-03-05,234.29888916015625,235.1039350742086,227.82867612475383,233.98083809185871,47227600
2025-03-06,233.8914031982422,236.4059358119138,231.73467047090975,233.00684447444675,45170400
2025-03-07,237.60850524902344,239.8944325708776,233.32484075005675,233.67270716799516,46273600
2025-03-10,226.08935546875,234.71630041445476,222.84929009717774,234.10008031193473,72071200
2025-03-11,219.48995971679688,224.4593937721428,216.1206840338927,222.4418047589131,76137400
2025-03-12,215.653564453125,220.39440897367027,213.5962265598192,218.7942505386503,62547500
2025-03-13,208.398193359375,215.51442704761877,207.14590135231947,214.62986833256545,61368300
2025-03-14,212.18490600585938,212.64208545758027,208.2988048386841,209.9585940343847,60107600
2025-03-17,212.69178771972656,213.9043309003415,208.68642489319868,212.00600336087763,48073400
2025-03-18,211.38978576660156,213.83473880015984,210.19712464056028,212.85080057479257,42432400
2025-03-19,213.92420959472656,217.4226803637017,212.443312738742,212.91044076829724,54385400
2025-03-20,212.79119873046875,216.16047483161037,210.92268644075222,212.68187056105958,48862900
2025-03-21,216.9356689453125,217.50217651661012,209.98839498228966,210.26668206389348,94127800
2025-03-24,219.38063049316406,220.1260455978378,217.24377992596973,219.64898417718916,44299500
2025-03-25,222.3821563720703,222.7300227946097,218.73459388406312,219.4203781558929,34493600
2025-03-26,220.17575073242188,223.64442126802376,219.12223310716143,222.1436424317859,34466100
2025-03-27,222.48158264160156,223.61461307047793,219.21168633594712,220.03661426059983,37094800
2025-03-28,216.56793212890625,222.44180687800483,216.34927581514728,220.31488968867507,39818600
2025-03-31,220.77207946777344,224.24073468961828,214.90813825561798,215.683368745432,65299300
2025-04-01,221.82559204101562,222.31258685550372,217.56180927777046,218.46624988397502,36412700
2025-04-02,222.5213165283203,223.8133724100327,219.66886624627372,219.9670353213626,35905900
2025-04-03,201.9478759765625,206.22159255986557,200.01973301812973,204.2835010267849,103419000
2025-04-04,187.22840881347656,198.65810753704542,186.19475800144227,192.70471987275084,125910900
2025-04-07,180.35072326660156,192.96313526897592,173.55252535537636,176.1167553732534,160466300
2025-04-08,171.365966796875,189.17641711488596,168.175598539417,185.55866963100107,120859500
2025-04-09,197.63441467285156,199.38365014436008,170.8392173737498,170.8988481608281,184395900
2025-04-10,189.25592041015625,193.58926741380884,181.88128226075605,187.9141823452429,121880000
2025-04-11,196.9386749267578,198.32017705332044,184.92258644836306,184.96235041538483,87435900
2025-04-14,201.28196716308594,211.63826622013798,199.9302804535287,210.14743595954587,101352900
2025-04-15,200.90428161621094,202.26590170954893,198.57859009217825,200.6259945192588,51343900
2025-04-16,193.08238220214844,199.4730666932086,191.19398828729797,197.1473753495745,59732400
2025-04-17,195.7758026123047,197.61449911758032,193.23145502579916,195.99445890478637,52164700
2025-04-21,191.9792022705078,192.6152892965427,188.64967500212322,192.0885304389909,46742500
2025-04-22,198.5189666748047,200.3576482646354,194.77200897005906,194.92108593270402,52976400
2025-04-23,203.3492431640625,206.7284521815966,201.56024391015845,204.74067860292737,52929200
2025-04-24,207.09619140625,207.55338601533765,201.69939326414854,203.63746952607698,47311000
2025-04-25,208.0006103515625,208.46773832051537,204.93943745171498,205.1083963732819,38222300
2025-04-28,208.8553924560547,210.2070792460064,206.1917828448175,208.71624889674396,38743100
2025-04-29,209.91883850097656,210.94254069563792,207.09618845243054,207.4142395090872,36827600
2025-04-30,211.20094299316406,212.2743425468257,205.40658118436113,208.02050829648644,52286500
2025-05-01,212.0159454345703,213.2483553954001,207.62295230903422,207.80185982414434,57365700
2025-05-02,204.09466552734375,205.72463931330321,200.92416412992952,204.83013207172814,101010600
2025-05-05,197.67416381835938,202.8523212109494,196.99832800962005,201.85843431656065,69018500
2025-05-06,197.2964630126953,199.42338015596502,195.81558138809015,196.9983091053983,51216500
2025-05-07,195.05029296875,198.2207944248892,192.0686324392914,197.9524407308952,68536700
2025-05-08,196.28271484375,198.82706269335065,193.48988012199126,196.51130456752412,50478900
2025-05-09,197.31634521484375,199.31405222350435,196.3323918231404,197.7834732241415,36453900
2025-05-12,209.776123046875,210.2538252478288,205.75556156059073,209.95526516858178,63775800
2025-05-13,211.9058380126953,212.3735786127325,207.99474788922345,209.4178625594749,51909300
2025-05-14,211.30873107910156,212.91098786371114,209.56714827780408,211.40824098508043,49325800
2025-05-15,210.43295288085938,211.93569971673273,208.53213606160298,209.93535780893234,45029500
2025-05-16,210.24388122558594,211.54759317457453,208.76105751069144,211.33859654598928,54737900
2025-05-19,207.7758026123047,208.47243269467637,203.2775387890809,206.90999202317107,46140500
2025-05-20,205.8650360107422,207.46729276724128,204.04383620537516,206.67113760639387,42496600
2025-05-21,201.1179656982422,206.04415370597744,199.74461367242378,204.18315305948536,59211800
2025-05-22,200.39151000976562,201.77482385442195,198.73949054480968,199.74464241928678,46742400
2025-05-23,194.33078002929688,196.74908474491085,192.52948833207407,192.73846975457602,78432900
2025-05-27,199.2470245361328,199.77447409530296,196.48038197740732,197.34620772495165,56288500
2025-05-28,199.45599365234375,201.75488030334262,198.9384905597645,199.62517414339177,45339700
2025-05-29,198.98826599121094,202.8297005493605,197.55518975609246,202.60081106845576,51396800
2025-05-30,199.88394165039062,200.98860329086406,195.83351057352263,198.4110493394953,70819900
2025-06-02,200.72984313964844,201.15778278546435,199.15744093584797,199.31667499872813,35423300
2025-06-03,202.2923126220703,202.78990771325485,199.99342573046133,200.38154929416936,46381600
2025-06-04,201.84446716308594,205.24801554678163,201.1279290627925,201.9340306292736,43604000
2025-06-05,199.66500854492188,203.76518718349973,199.18730633012683,202.52119947175674,55126100
2025-06-06,202.93917846679688,204.7106157617459,201.07817770068002,202.0236053289331,46607700
2025-06-09,200.48106384277344,205.0091823144686,199.05794913802782,203.40692547634254,72862600
2025-06-10,201.6951904296875,203.36711781582227,199.60530017876516,199.63515466910712,54672600
2025-06-11,197.8238983154297,203.51638723180633,197.45568281643992,202.5211970741936,60989900
2025-06-12,198.24188232421875,198.71956936233477,196.4107360236097,198.12246436103902,43904600
2025-06-13,195.50511169433594,199.40625545491926,194.7587190445596,198.769334334526,51447300
2025-06-16,197.4656219482422,197.73432753277095,195.61456771612566,196.35101387226533,43020700
2025-06-17,194.69898986816406,197.43576263348734,194.27106541566712,196.2514839890114,38856200
2025-06-18,195.6344757080078,196.6197193940347,194.13174409281177,194.9975546383106,45394700
2025-06-20,200.03323364257812,200.72986375748766,195.9131467510872,197.28651411005004,96813500
2025-06-23,200.53082275390625,201.3269779408771,198.00304635957568,200.6602023375907,55814300
2025-06-24,199.3365936279297,202.46149014710028,199.23706853700068,201.61557243039425,54064000
2025-06-25,200.5905303955078,202.690382284235,199.65504919597097,200.48105886821313,39525700
2025-06-26,200.03323364257812,201.66534499125092,198.5006473897771,200.461158146952,50799100
2025-06-27,200.11282348632812,202.2425296541318,199.03801637565215,200.91892502298623,73188600
2025-06-30,204.1831512451172,206.39247448465787,198.30157410241034,201.03834688076608,91912800
2025-07-01,206.82041931152344,209.17901505124104,205.1484920031366,205.6759415551798,78788900
2025-07-02,211.41819763183594,212.3138626915596,207.13887695509675,207.90517762155153,67941800
2025-07-03,212.5228729248047,213.61757304735917,210.79123648824356,211.12959751601144,34955800
2025-07-07,208.94017028808594,215.18996325511674,207.79570768244494,211.65703516300363,50229000
2025-07-08,208.99986267089844,210.41303075844314,207.447368579945,209.08944131875765,42848900
2025-07-09,210.1244354248047,210.3135239719546,206.22329208627588,208.52217876921287,48749400
2025-07-10,211.3883514404297,212.45319704499605,209.0197939340788,209.49748097232364,44443600
2025-07-11,210.14434814453125,211.1096837700706,208.85059795908091,209.55718962168862,39765800
2025-07-14,207.61654663085938,209.8955403849565,206.54173953773955,208.92024318716173,38840100
2025-07-15,208.10421752929688,210.87084499335577,207.9151289669034,208.21368905566166,42296300
2025-07-16,209.149169921875,211.37838618562168,207.63647661047767,209.28849593835915,47490500
2025-07-17,209.0098419189453,210.78127919114968,208.58190225319882,209.5571995447156,48068100
2025-07-18,210.16424560546875,210.77131219576944,208.69136845628208,209.85573909301036,48974600
2025-07-21,211.4580078125,214.74213848423943,210.61210526026528,211.07984586548804,51377400
2025-07-22,213.36875915527344,213.91611676733493,211.20919838168209,212.1148250502387,46404100
2025-07-23,213.11997985839844,214.11517007989065,211.38835859165647,213.96589762082587,46989300
2025-07-24,212.73182678222656,214.65255153978734,212.5029373149323,212.87115278650074,46022600
2025-07-25,212.8512725830078,214.2047317845148,212.37357038101962,213.6673206036272,40268800
2025-07-28,213.02047729492188,213.8166325366559,212.03523347491873,213.000569237894,37858000
2025-07-29,210.25381469726562,213.77678093648746,209.8059821935656,213.14980632007004,51411700
2025-07-30,208.04449462890625,211.36842593737322,206.72088996610802,210.88077731884883,45512500
2025-07-31,206.57162475585938,208.83069544134486,206.16359315375274,207.48719786288635,80698400
2025-08-01,201.40660095214844,212.5527283441607,200.530828701964,209.8557561748323,104434500
2025-08-04,202.37193298339844,206.88014336875773,200.70995198839026,203.52634207300898,75109300
2025-08-05,201.94400024414062,204.35235878558626,201.18766113385618,202.42168730403617,44155100
2025-08-06,212.2243194580078,214.34407953630614,204.60115854716602,204.64097466073486,108483100
2025-08-07,218.9716796875,219.78774287041324,215.5382768294147,217.8272171299369,90224800
2025-08-08,228.2468719482422,229.88892965735022,218.19544514014734,219.76784743364436,113854000
2025-08-11,226.34388732910156,228.71513292468896,223.9327956372812,227.08116933177635,61806100
2025-08-12,228.8048095703125,229.95058632959714,226.2343181614284,227.17084589508121,55626200
2025-08-13,232.47125244140625,234.1351043372746,229.58191650034667,230.2195756343437,69878500
2025-08-14,231.92327880859375,234.25466305951576,230.0003892485326,233.1985666998313,51916300
2025-08-15,230.73765563964844,233.417757832359,228.49593650929467,233.1387895567921,56038700
2025-08-18,230.0402374267578,232.26202593201924,229.26310933608104,230.8472538899505,37476200
2025-08-19,229.71144104003906,232.01293684851592,228.50590285589897,230.4287923573085,39402600
2025-08-20,225.17819213867188,229.6217843388592,224.93908515924198,229.13358225147155,42263900
2025-08-21,224.072265625,225.6863136691638,222.95639256938466,225.43723377620466,30621200
2025-08-22,226.9217529296875,228.2468598588307,224.58041092619504,225.33760837029214,42477800
2025-08-25,226.323974609375,228.45609804536198,225.3973894325087,225.6464693442017,30983100
2025-08-26,228.46604919433594,228.6453946309622,223.86305742355088,226.03502689374838,54575100
2025-08-27,229.6417236328125,230.05020313892598,227.41991984776428,227.7686378094015,31259500
2025-08-28,231.70408630371094,232.55096405412047,228.4959359400532,229.9704999102399,38074700
2025-08-29,231.28562927246094,232.52107103838586,230.51845893056873,231.65426265633033,39418400
2025-09-02,228.87454223632812,230.00038826150748,226.1346633063032,228.4062708029861,44075600
2025-09-03,237.59234619140625,237.9709525201245,233.49747185558658,236.33698891571112,66427800
2025-09-04,238.89749145507812,239.01704493171877,235.86868682669095,237.5723846793371,47549400
2025-09-05,238.80784606933594,240.43185187342493,237.61226559630578,239.1167027112504,54870400
2025-09-08,237.0045166015625,239.2661511981365,235.47017586985078,238.41928864081726,48999500
2025-09-09,233.48751831054688,237.90120710535396,232.5011563745861,236.12775932745953,66313900
2025-09-10,225.955322265625,231.56460664903227,225.118417424808,231.33545739080094,83440800
2025-09-11,229.18341064453125,229.60186307827533,225.81584532196928,226.04500979013486,50208600
2025-09-12,233.20855712890625,233.6469250222829,228.17713965402348,228.3764005514914,55824200
2025-09-15,235.828857421875,237.31337916896246,234.16500543557729,236.12775635652346,42699500
2025-09-16,237.2735137939453,240.33222235518573,235.45026224943368,236.30708253667353,63421100
2025-09-17,238.11044311523438,239.21635855568803,236.85507060288438,238.09051246512186,46508000
2025-09-18,237.0045166015625,240.31228984200703,235.77903252032195,239.08682096339746,44249600
2025-09-19,244.59646606445312,245.3935247988757,239.32594197772087,240.34217704154452,163741300
2025-09-22,255.13751220703125,255.69547916115815,247.2068166293636,247.38616206443075,105517400
2025-09-23,253.4936065673828,256.3929004583055,252.64674396870498,254.93828225227924,60275200
2025-09-24,251.38140869140625,254.79879299943292,250.11607847800005,254.2807025242173,42303700
2025-09-25,255.9246063232422,256.22352044118514,250.7836088309123,252.27808820484515,55202100
2025-09-26,254.5198211669922,256.65194458214916,252.84599627139946,253.1648258525147,46076300
2025-09-29,253.4936065673828,254.06151607705354,252.07883445903423,253.6231329894407,40127700
2025-09-30,253.69287109375,254.97811672142575,252.17846100632588,253.92202035086734,37704300
2025-10-01,254.5098419189453,257.83756097799323,253.9917514638179,254.10134722927504,48713900
2025-10-02,256.18365478515625,257.229778167004,253.21461153357077,255.63566078088252,42630200
2025-10-03,257.07037353515625,258.2858846694617,253.01536064819075,253.73271197999827,49155600
2025-10-06,255.74530029296875,258.1165459888059,254.11133663097664,257.0405037108186,44664100
2025-10-07,255.53607177734375,256.45266881763376,254.48991791397023,255.86484387966763,31955800
2025-10-08,257.1102294921875,257.56852798749276,255.16739414069707,255.5758888188916,36496900
2025-10-09,253.10501098632812,257.0504430809132,252.20832947523735,256.86113993459566,38322000
2025-10-10,244.3673095703125,255.436420799504,243.10197943699816,254.00171816056968,61999100
2025-10-13,246.74851989746094,248.7710475029622,244.6562426215344,248.46219085423505,38142900
2025-10-14,246.8581085205078,247.93413549962378,243.79940008876653,245.69241642712313,35478000
2025-10-15,248.42233276367188,250.89321639065437,246.559219921403,248.57178982967116,33893600
2025-10-16,246.53927612304688,248.1234206007849,244.2278226113223,247.33633482463924,39777000
2025-10-17,251.36146545410156,252.44746537322095,246.35995200283696,247.10719170360767,49147000
2025-10-20,261.27484130859375,263.4069798400544,254.68918336894043,254.94822099113512,90483000
2025-10-21,261.8028869628906,264.3136317818121,260.86634411857244,260.9161783410852,46695900
2025-10-22,257.49884033203125,261.882640960004,254.48993535873984,261.68336485657886,45015300
2025-10-23,258.6246337890625,259.6608147081683,257.0604350924048,258.98332466328685,32754900
2025-10-24,261.85272216796875,263.15789839957887,258.22610426270086,260.2287163700197,38253700
2025-10-27,267.8206481933594,268.1295048126629,263.6759553344934,263.9051197703755,44888200
2025-10-28,268.00994873046875,268.896687690681,267.16307106420925,267.9999758056659,41534800
2025-10-29,268.7073974609375,270.4110953948544,266.1269030442272,268.28892986747474,51086700
2025-10-30,270.401123046875,273.1310593223432,267.49188695276854,270.98894793982623,69886500
2025-10-31,269.3749084472656,276.29934139392066,268.1693703205502,275.97053891965146,86167100
2025-11-03,268.0597839355469,269.8531775103368,265.2701011373342,269.42476736726525,50194600
2025-11-04,269.0461730957031,270.49081837885313,266.6350661079627,267.3424445625432,49274800
2025-11-05,269.1457824707031,270.70003856307255,265.94757476828966,267.6213843438783,43683100
2025-11-06,268.7771301269531,272.3937751745226,266.90407480138714,266.90407480138714,51204000
2025-11-07,267.48193359375,271.2878818962731,265.7881780523408,268.80702532983145,48227400
2025-11-10,268.6985778808594,272.98692304032335,266.733924572705,268.2298525605972,41312400
2025-11-11,274.5028076171875,275.16101963639426,269.0675899882029,269.07757258136417,46208300
2025-11-12,272.7276916503906,274.9815668240292,270.96250711171905,274.2535373864602,48398000
2025-11-13,272.20904541015625,275.9488654308047,271.3513641926929,273.3658696206449,49602800
2025-11-14,271.6705322265625,275.21088338895913,268.8681625557137,270.31420819279356,47431300
2025-11-17,266.73394775390625,269.7557213346742,265.00866346949266,268.09027174019775,45018300
2025-11-18,266.7139892578125,269.97510130800674,264.59974924229334,269.25705465795,45677300
2025-11-19,267.83099365234375,271.47107967039307,264.77930243197466,264.80921977983166,40424500
2025-11-20,265.5272521972656,274.68232536305425,265.1981613886433,270.09480618650156,45823600
2025-11-21,270.75299072265625,272.5879921198442,264.9488130991126,265.2280517805383,59030800
2025-11-24,275.1710205078125,276.24807542504453,270.164627965921,270.164627965921,65585800
2025-11-25,276.2181396484375,279.6188865292943,274.5028075356392,274.52274228722064,46914200
2025-11-26,276.7966003417969,278.7712367451818,275.8791146523587,276.2082055022192,33431400
2025-11-28,278.0930480957031,278.242634823177,275.2407959413455,276.50736791500816,20135600
2025-12-01,282.3315124511719,282.65065109438723,275.3904143522869,277.2553332443013,46587700
2025-12-02,285.4131164550781,286.619823290159,281.86278279875575,282.231773534172,53669500
2025-12-03,283.378662109375,287.8365294074879,282.5309633672564,285.4231155973949,43538700
2025-12-04,279.9380187988281,283.95707766942763,277.83373081751637,283.3287830094401,43989100
2025-12-05,278.0232238769531,280.37683325787106,277.2951945750906,279.77845592816414,47265800
2025-12-08,277.1356506347656,278.9108174051644,275.4003533668138,277.374989388386,38211800
2025-12-09,276.4275817871094,279.2698514894354,276.16830825817004,277.40493251311347,32193300
2025-12-10,278.0232238769531,278.9905919368044,275.68957968235776,276.9960211276047,33038300
2025-12-11,277.2752685546875,278.8310314000742,273.0667227973629,278.34237127554803,33248000
2025-12-12,277.5245666503906,278.4620173164318,276.06853855760204,277.14559334691864,39532900
2025-12-15,273.3658752441406,279.3894873363706,272.0993337942639,279.3894873363706,50409100
2025-12-16,273.8645324707031,274.752131096348,271.0522107383373,272.07941349564567,37648600
2025-12-17,271.10205078125,275.41033087528734,270.9026119684932,274.2634587890498,50138700
2025-12-18,271.4511413574219,272.88723490520505,266.22537510199504,272.8672697170699,51630700
2025-12-19,272.9271240234375,273.8545921928022,269.1673383776201,271.4112306527045,144632000
2025-12-22,270.23443603515625,273.13654030849926,269.7756932559407,272.1192896847017,36571800
2025-12-23,271.62066650390625,271.7603010837797,268.8282792538215,270.1048034873943,29642000
2025-12-24,273.06671142578125,274.6823088952694,271.46109654935304,271.60070067851706,17910600
2025-12-26,272.6578674316406,274.6225212124231,272.1193247047194,273.4158142002898,21521800
2025-12-29,273.0168762207031,273.61522314661676,271.6107000753325,271.9497734782625,23715200
2025-12-30,272.33868408203125,273.3359694836473,271.54086793463244,272.06942798009953,22139600
2025-12-31,271.12200927734375,272.9370761103812,271.0123224859311,272.3187639976345,27293600
2026-01-02,270.27435302734375,277.0857995993762,268.26979943372277,271.52095990203577,37838100
2026-01-05,266.5345458984375,270.7730094869922,265.41759095171795,269.9053759278346,45647200
2026-01-06,261.6478271484375,266.8237416838396,261.4084883511094,266.27524679504927,52352100
2026-01-07,259.6233215332031,262.96423405428067,259.10474402829175,262.485556491205,48309800
2026-01-08,258.3368225097656,258.58614386359903,255.00587765735156,256.3222864925608,50419300
2026-01-09,258.6659240722656,259.5036402038468,255.52448097015204,258.3767027680543,39997000
2026-01-12,259.54351806640625,260.5906555331263,256.1028713590674,258.45648066308013,45263800
2026-01-13,260.34136962890625,261.0993163539261,257.68861696081353,258.01770778709204,45730800
2026-01-14,259.2543029785156,261.1092696408236,256.0131254420647,258.78557762508564,40019400
2026-01-15,257.50909423828125,260.3314293980394,256.35223934409396,259.94247342351326,39388600
2026-01-16,254.83633422851562,258.1971811198186,254.23795690818102,257.1998957308392,72142800
2026-01-20,246.0303192138672,254.09835490933511,242.75922413209136,252.04394930256512,80267500
2026-01-21,246.9777374267578,250.87712721718017,244.51444112970407,248.02489020045314,54641700
2026-01-22,247.67584228515625,250.31864258405668,247.47637302553753,248.52352576906395,39708300
2026-01-23,247.36666870117188,248.73296007338791,244.0157890837153,246.64863719927277,41689000
2026-01-26,254.71669006347656,255.86356228737432,249.121917868832,250.7973501838168,55969200
2026-01-27,257.56890869140625,261.2389423700868,257.5090739976807,258.4664899667647,49648300
2026-01-28,255.74388122558594,258.1572949521919,253.81911240916085,256.9505880888889,41288000
2026-01-29,257.5788879394531,258.94516415300217,253.7193980705993,257.29964922744847,67253000
2026-01-30,258.7756652832031,261.1890792690021,251.49546251262876,254.4773517832236,92443400
2026-02-02,269.27703857421875,269.7557160843994,258.50633807413067,259.3241194003358,73913400
2026-02-03,268.7485046386719,271.1419837262723,266.88355520832346,268.4692659190308,64394700
2026-02-04,275.7394104003906,278.19275421850585,271.55083028665655,271.55083028665655,90545700
2026-02-05,275.1610412597656,278.7412924914769,272.48832346973,277.37501624935936,52977400
2026-02-06,277.364990234375,280.1474248180158,276.1782182606431,276.3677049075235,50453400
2026-02-09,274.13079833984375,277.70443813431814,271.2160169672847,277.41494619870406,44623400
2026-02-10,273.19244384765625,274.87943562430115,272.4537718732244,274.40031021957236,34376900
2026-02-11,275.00921630859375,279.6808719096702,273.9610989943363,274.2106536370846,51931300
2026-02-12,261.2637939453125,275.22886395053104,259.7165366668213,275.09909064411113,81077200
2026-02-13,255.32435607910156,261.7628783299504,254.9949421084194,261.5432690161623,56290700
2026-02-17,263.4099426269531,265.8156532326085,255.08478749757862,257.5903108294174,58469100
2026-02-18,263.8791198730469,266.3447212846438,261.9825104325609,263.13045584681157,34203300
2026-02-19,260.11578369140625,264.00886051677537,259.5867290635135,262.13220471573277,30845300
2026-02-20,264.1086730957031,264.2783836675007,257.7001265171608,258.50868117461044,42070500
2026-02-23,265.705810546875,268.95002088588865,262.91081074777924,263.0206001676805,37308200
2026-02-24,271.6552429199219,274.4003442568012,267.233111068832,267.38283777638213,47014600
2026-02-25,273.74151611328125,274.45024283739696,270.567157599074,271.29586819299504,33714300
2026-02-26,272.4637756347656,275.61811956353745,270.31758130113775,274.4602128097023,32345100
2026-02-27,263.7093811035156,272.3240124520744,262.4217010495403,272.3240124520744,72366500
2026-03-02,264.2484130859375,266.05518620599753,259.73647625260065,261.94253069595567,41827900
2026-03-03,263.2801818847656,265.08695529305965,259.6666350681776,263.0106738027697,38568900
2026-03-04,262.0523376464844,265.67587606267574,260.95432154975975,264.17854815272653,39803100
2026-03-05,259.8263244628906,261.09405110124777,256.79173142961054,260.3254337562426,49658600
2026-03-06,257.0013427734375,258.3090066542827,253.916851068475,258.16927189629365,41120000
2026-03-09,259.41705322265625,260.68477987096253,253.22808575123491,255.2345148744848,38218500
2026-03-10,260.3653564453125,262.01244158439727,256.4922936817907,257.19102845716964,30590800
2026-03-11,260.3453674316406,261.6630231774062,259.08760235948154,260.62486739620806,26218900
2026-03-12,255.30438232421875,258.48871731031414,253.72719511663234,258.1992253881205,40794000
2026-03-13,249.6744384765625,255.87336762960538,249.07551643845036,255.024890934378,36930000
2026-03-16,252.36964416503906,253.43773019062647,249.4348789230203,251.66090222791988,32074200
2026-03-17,253.77711486816406,254.67552076289968,251.7307636559193,252.5093881906664,32361600
2026-03-18,249.49476623535156,254.48585937367065,248.55643828829037,252.1799767808244,35757900
2026-03-19,248.5165252685547,251.38140795985734,246.85947863088072,248.95572868612365,34864100
2026-03-20,247.54823303222656,248.75606899357115,245.56177255944445,247.53824109812177,88331100
2026-03-23,251.04200744628906,254.14646797882926,249.83415620831627,253.51758537106093,40546100
2026-03-24,251.1917266845703,254.37604644028636,249.10545347620703,249.90403139868116,45152300
2026-03-25,252.16998291015625,254.5457480998694,251.15181088451408,253.6473574345128,28476700
2026-03-26,252.43951416015625,256.5421934269488,250.32329549316128,251.67088153367666,41796700
2026-03-27,248.35679626464844,255.03488128462607,247.6281009352486,253.4477020992108,47900000
2026-03-30,246.19065856933594,250.4230956915925,245.07264337813007,249.62453299565456,39446200
2026-03-31,253.337890625,255.02488248828539,246.65982101631488,247.46837564153284,49598100
2026-04-01,255.17462158203125,255.7236296181179,252.8787157917901,253.62737973002484,40059400
2026-04-02,255.464111328125,255.6737439434535,250.20349485503914,253.74717405681358,31289400
2026-04-06,258.3988342285156,261.6929736576745,256.003115847535,256.053045051996,29329900
2026-04-07,253.0484161376953,255.7436185540334,245.2623079794448,255.70368128016966,62148000
2026-04-08,258.43878173828125,259.2872736156141,256.0730086009651,257.98960165960847,41032800
2026-04-09,260.02593994140625,260.65482250105316,255.6138310165902,258.5386040524215,28121600
2026-04-10,260.0159912109375,261.7229364827484,258.5585701252562,259.5168819122501,31291500
2026-04-13,258.73828125,259.71651601158027,256.2027973984465,259.2673359057164,36234700
2026-04-14,258.368896484375,261.4633801130582,256.73183388682423,258.78816168339415,48370700
2026-04-15,265.95538330078125,266.08515659729386,257.35074355126085,257.7001261657452,49913500
2026-04-16,262.9307556152344,266.6840670491935,260.804545264895,266.3246925362851,43323100
2026-04-17,269.7486267089844,271.8149160854778,266.24486962975914,266.4844323486072,61436200
2026-04-20,272.5635681152344,273.7913879220191,269.80850557942483,269.84841238867654,36590200
2026-04-21,265.69586181640625,272.3140256362382,264.9272139873882,271.0163536236942,50209800
2026-04-22,272.68341064453125,273.2523721409737,266.39461467279705,267.3429346055621,43249200
2026-04-23,272.9429016113281,275.2787294551341,271.1660737405759,274.56001085217736,33399600
2026-04-24,270.5771179199219,272.5735550213531,269.16962610782736,272.2741016414235,38157100
2026-04-27,267.1332702636719,267.88193422863776,264.59781690250213,265.6159889280984,41466800
2026-04-28,270.2277526855469,272.7432830913257,268.181416710472,271.8548539018017,40018900
2026-04-29,269.688720703125,270.55716597281076,266.56429174844374,267.07336249706583,30047900
2026-04-30,270.86663818359375,275.50834883767226,267.6623648300734,270.018146234023,91848200
2026-05-01,279.6409606933594,286.7083346607987,277.87409435408995,278.36321169794013,79915400
2026-05-04,276.33685302734375,280.13010214166496,274.3703610857382,279.16182884121525,46668400
2026-05-05,283.67376708984375,284.0630869835518,276.00745521106614,276.43668191704,49311700
2026-05-06,286.9978332519531,287.5168959460148,280.5693031693742,281.4177950537395,58336100
2026-05-07,286.9279479980469,291.60959552514373,285.2709015174152,288.75467457606095,45224300
2026-05-08,292.7974853515625,294.2349225642168,289.48339230776435,289.49338424193445,52692800
2026-05-11,292.42779541015625,293.6267735875138,289.979924827367,291.72841688276577,42247300
2026-05-12,294.54595947265625,295.0155556946294,292.3078994315659,292.3078994315659,45748100
2026-05-13,298.6124572753906,300.6607090744109,293.24708951115105,293.24708951115105,52684300
2026-05-14,297.9530334472656,300.1911240450107,295.12548538387824,299.5616620172475,35324900
2026-05-15,299.9713134765625,302.93875555297063,296.26448829773227,297.643304079477,54862800
2026-05-18,297.5833435058594,300.4009207908792,294.6558756451712,299.98126929450746,34483000
2026-05-19,298.7123718261719,300.2510533099592,296.09463441963413,296.7140952726279,42243600
2026-05-20,301.98956298828125,302.5390768782648,297.82314269813475,297.9230626302997,38229800
2026-05-21,304.7271728515625,305.27671719779084,300.1411318265125,300.80056674721834,42965100
2026-05-22,308.55389404296875,311.13165741506583,305.57645096183757,305.85620846339293,43670200
2026-05-26,308.0643005371094,311.5513139598484,307.4048960873393,309.29325163060713,48000500
2026-05-27,310.5821533203125,312.9900803339556,308.0343323058515,308.0643052358437,50430900
2026-05-28,312.24072265625,312.5304508120942,309.30325358892543,310.412282475935,48220400
2026-05-29,311.7911071777344,314.7285763294451,309.2632884033746,311.5113496628706,70026800
2026-06-01,306.0460510253906,310.67206624496237,304.7571540774977,309.363197507879,48849900
2026-06-02,314.92840576171875,315.1781903378333,306.42572903356995,307.1950545511415,44534700
2026-06-03,309.9926452636719,316.6668815001487,308.5838566628498,313.9092501546009,50836700
2026-06-04,310.9618225097656,313.26982953176514,309.38316692864953,312.96009909963743,44869100
2026-06-05,307.0751647949219,314.8984348439246,306.8853260765596,312.5903972939029,65310500
2026-06-08,301.2801818847656,317.1265012321255,300.9105055796523,308.4739595974908,77949100
2026-06-09,290.29962158203125,300.4908444635933,287.5320194610898,300.0212482417878,70108800
2026-06-10,291.3287353515625,294.4960172141002,287.1323727394638,290.4894628291428,52793300
2026-06-11,295.375244140625,296.7440586571729,289.3404406054596,293.4668864344149,42572500
2026-06-12,290.879150390625,296.88398158337014,289.3704417369658,295.7749221682621,38742100
2026-06-15,296.1645812988281,297.5233947188816,291.4486474146935,293.8665449684006,45732600
2026-06-16,298.9821472167969,300.2210994929347,293.71669913987887,294.99559499590845,39874400
2026-06-17,295.6949768066406,301.8096980081642,294.10632015937927,300.59074812548096,42745100
2026-06-18,297.7532043457031,300.31099586682666,295.3652492546472,297.8530937792582,85962200
2026-06-22,296.75408935546875,302.1594314563154,296.5043047694293,297.05381866220307,44879900
2026-06-23,294.04638671875,301.3800886038737,293.9264950024863,297.2836155142734,52010900
2026-06-24,292.8274230957031,299.4417438827621,292.68755959702736,295.1054570720635,53081900
2026-06-25,274.91290283203125,288.55113481081804,273.5141152813601,287.1523472601469,107013700
2026-06-26,283.53546142578125,285.70360492137456,273.9737007161028,274.7630284991681,261775500
2026-06-29,281.4972229003906,288.12151489662153,279.6088673150861,286.4829438934296,66427000
2026-06-30,289.11065673828125,289.69017405322865,280.45814550695326,280.9277417485351,65100200
2026-07-01,294.1263427734375,296.33442991747245,288.95081360688545,293.1871503157195,50164200
2026-07-02,308.3640441894531,309.15337194761725,293.4269150966668,293.866538367699,75352800
2026-07-06,312.3905944824219,313.9292760509671,306.7354678654279,307.0951430290638,53590000
2026-07-07,310.3923034667969,315.20815732134815,309.88273318392555,315.0183186077797,42490000
2026-07-08,313.1199645996094,314.5487250421545,306.7854009831778,311.6412289475945,41323500
2026-07-09,315.947509765625,316.2572401947346,307.8944576262147,310.24243869469103,48124500
2026-07-10,315.0483093261719,316.6369356310425,311.9010296470402,314.4488202226986,34132300
2026-07-13,317.03656005859375,323.171283634363,315.5078797345754,316.7468014245228,43257800
2026-07-14,314.58868408203125,315.91755515351207,311.64124426456783,313.48965629761443,36336800
2026-07-15,327.2178039550781,328.44675508114506,317.0465830462295,317.34631234952286,60957600
2026-07-16,332.97283935546875,334.3915986652446,326.50841333986017,327.72736328456057,62970600
2026-07-17,333.452392578125,334.7013154010385,328.71648699084636,331.693929977533,63407100
2026-07-20,326.3085632324219,333.4224228207836,323.4010672140761,333.2226134619852,53468000
2026-07-21,327.45758056640625,329.3159936819017,321.94234806189104,322.85156758462244,41338900
2026-07-22,325.60919189453125,328.7164973399543,323.0613709608057,327.58746619388995,38755900
2026-07-23,321.3828430175781,323.0214140443725,319.0748358849152,321.4527900194849,40840800
2026-07-24,332.7330322265625,334.0818750563203,321.3428614810286,321.5127284115298,47489400
2026-07-27,336.61968994140625,339.277401491225,333.73216560461384,334.2517370375488,49604300
2026-07-28,339.78692626953125,342.59453283396704,335.31080637618777,339.73698155301014,51859000
2026-07-29,337.8985900878906,344.2730974331505,337.0593175600121,339.43727163464206,56090800
2026-07-30,333.1426696777344,334.4615395264105,329.30598233808786,332.8129674612056,74817800
2026-07-31,308.6438293457031,310.4222943774597,299.7415030462749,304.54735603914753,132489100
2026-08-03,303.1585693359375,311.5313230344714,302.29929450581176,309.313234694189,75052000
2026-08-04,309.1134033203125,310.1525156602479,301.0603512911937,302.46913991298527,68001000
2026-08-05,310.7320251464844,311.4414048335362,305.40663118634393,309.09342362565195,49438800
2026-08-06,312.14080810546875,316.0174696892129,308.96355554648414,314.06913775686996,46139900
2026-08-07,313.05999755859375,314.53873325457766,310.47223295908327,311.1816431226555,34437200
2026-08-10,308.260009765625,308.260009765625,304.6099853515625,306.8299865722656,44812500
2026-08-11,304.9100036621094,309.9700012207031,302.7900085449219,307.75,37476700
2026-08-12,302.25,305.6600036621094,300.57000732421875,305.1000061035156,41657800
2026-08-13,305.260009765625,306.0,302.04998779296875,304.2099914550781,40349300
2026-08-14,305.92999267578125,307.489990234375,304.29998779296875,306.0,28229400
2026-08-17,305.5899963378906,307.6600036621094,302.94000244140625,306.2099914550781,38169300
2026-08-18,310.0299987792969,311.489990234375,305.739990234375,307.5799865722656,53424500
2026-08-19,316.8299865722656,319.2799987792969,309.6000061035156,310.1400146484375,50505600
2026-08-20,311.29998779296875,320.2799987792969,310.6499938964844,317.4599914550781,40959200
2026-08-21,309.3500061035156,312.3800048828125,307.010009765625,312.04998779296875,46876800
2026-08-24,310.3399963378906,313.3599853515625,309.9700012207031,311.4700012207031,34655000
2026-08-25,310.2850036621094,313.5799865722656,309.6099853515625,310.93499755859375,6057264
